Hospitality 산업에서 정보시스템의 사용과 업무성과에 관한 연구,"구철모,이창석,정남호",한국경영정보학회,한국경영정보학회 학술대회논문집,"Vol.2014No.1[2014]
",2014,Korean,"Smart Tourism,Information System,Individual Performance",325.0,,"학술저널
",http://www.kmis.or.kr,831-847,,,, eArticle,,"정보화 시대로 접어들면서, 다양한 정보 기술이 등장하였고 산업 전반적인 부분에서 정보기술의 중요성이 부각되고 있다. 경영학과 마케팅을 필두로 이러한 정보시스템의 사용과 성과와의 관계에 대한 연구가 활발하게 진행되고 있으며 다양한 연구를 통하여 실증적으로 분석 되고 있 다. 그러나 이러한 움직임에도 불구하고 관광산업 분야에서는 전체 사업체의 25%만 정보시스템을 사용하고 있을 정도로 정보시스템의 사용이 미비한 실정이 며, 이와 관련된 연구도 진행되지 않고 있다. 따라서 관광산업 분야에서도 정보시스템의 사용과 성과와의 관계를 연구할 필요가 있으며, 실증적인 분석을 통하여 이를 검증할 필요가 있 다. 본 연구는 관광산업관련 업무 종사자들을 대상으로 하여 관광산업에서 정보기술의 사용이 개인의 업무 성과에 어떠한 영향을 주는지 살펴보고자 하였다. 이를 위하여 TTF(Task-Technology-Fit)이론을 기반으로 하여 자원기반이 론, 혁신성, 시장지향성의 세부적인 이론을 적용하여 연구모형을 설계 하였고, 구조방정식을 활용하여 실증 분석을 하였 다. 본 연구의 분석 결과를 통해 관광산업에서 정보기술의 사용 요인과 그 특성을 파악 할 수 있으며, 관광산업에서 정보기술 사용의 중요성에 대하여 시사하였다. 또한 정보기술의 사용이 곧 관광산업 종사자들의 업무 성과를 높여준다는 것을 실증적으로 분석하여 제시 함으로 관광분야산업에서 정보시스템을 사용 하여 경영적인 측면과 운영적인 부분에서 개인의 업무 성과를 높일 수 있다는 실무적인 시사점은 물론, 경영학과 마케팅분야에서 연구되어진 이론을 관광분야에 적용시켜 활용한 것에 이론적인 함의를 둘 수 있다.",,"요약
 1. 서론
 2. 이론적 배경
  2.1 관광 산업의 정보화
  2.2 자원 기반 이론 (RBV: Resource Based View)
  2.3 혁신 이론
  2.4 시장 지향성
  2.5 업무기술 적합이론(TTF: Task Technlolgy Fit)
 3. 연구 모형 및 가설의 설정
  3.1 연구 모형
  3.2 연구 가설 설정
  3.3 연구 조사 방법
 4. 분석 결과
  4.1 측정 변수
  4.2 기초 분석
  4.3 연구 변수의 측정 방법
  4.4 신뢰성 및 타당성 분석
  4.5 가설의 검증
 5. 결론
 참고문헌"
"인천공항 무인로봇의 체험경제요인이 고객 만족, 공항 이미지, 재방문 의도에 미치는 영향 - Pine과 Gilmore의 체험경제 이론을 바탕으로 - = The Role of Incheon Airport Robot’s Experience Economy Toward Customer Satisfaction, Airport Image and Revisit Intention - Focused on Experience Economy Theory of Pine and Gilmore -","고민환,김미영",한국항공경영학회,한국항공경영학회지,"Vol.18No.2[2020]
",2020,Korean,"Smart Tourism,Robot,Experience Economy,Customer Satisfaction,Airport Image,Reuse Intention,스마트관광,로봇 서비스,체험경제 이론,고객 만족,공항 이미지,재사용 의도",,KCI등재,"학술저널
",http://www.amsok.or.kr,3-21,0.0,,," KCI, &nbsp;&nbsp; KISS",,"인공지능, 로봇 서비스, 빅데이터, 사물인터넷과 같은 4차 산업혁명은 관광산업에 큰 변화를 가져왔다. 본 논문은 인천공항 스마트화 전략 가운데 하나인 인천공항의 무인로봇 서비스의 경험이 고객만족, 공항 이미지, 재사용 의도에 미치는 영향 관계를 체험경제 이론을 바탕으로 검증하고자 한다.
인천 공항의 무인로봇 서비스를 경험한 적이 있는 이를 대상으로 온라인 설문을 실시하였으며, SNS (네이버카페, 페이스북 페이지, 인스타그램)를 통해 설문지가 배부되었고, 모든 척도는 리커트 5점 척도를 활용하였다. 전체 288부의 응답된 설문지 가운데 최종적으로 249부의 응답을 2차 요인 구조방정식 모형을 통해 분석을 진행하였다. 분석결과 무인로봇의 네 가지 요인으로 구성된 체험경제 요인은 유의한 것으로 나타났고, 체험경제 요인은 고객 만족에, 고객 만족은 공항 이미지와 재방문 의도에 유의한 정(+)의 영향을 미침을 검증하였다. 본 연구는 기존에 연구된 공항서비스 관련 연구와 달리 스마트관광의 핵심인 로봇서비스와 관련된 초기 연구로 추후 진행될 스마트 공항 관련 연구의 바탕이 될 것이다. 또한 체험경제 이론을 스마트관광 분야에 확장하는 이론적 기여를 할 것이며, 관광산업 발전을 위해 스마트화를 내세우고 있는 정부의 정책 입안자 또는 항공산업 종사자에게 실무적인 시사점을 제안할 것이다.","The fourth industrial revolution brought about a great change in tourism industry with artificial intelligence, robot service, big data and internet of thing. Especially this paper investigated to verify the experience of the robot service toward customer satisfaction, airport image and reuse intention. To achieve this object, online survey conducted to Korean having the experience to visit Incheon international airport and survey was distributed to SNS(Naver café, Facebook page, and Instagram). A number of 288 questionnaires were distributed and finally, 249 were used to analyze the hypotheses with structural equitation modeling. The results of this paper showed sub-dimension of experience economy were entertainment experience, educational experience, escapist experience, and esthetic experience through second-order structural equitation modeling analysis. Also, experience economy had significant impacts on customer’s satisfaction which in turn influenced between airport image and revisit intention. Furthermore, it was the first attempt at robotic services related to experience economy and will help further research.",
농업·농촌경제동향 : 2013 가을,"장도환, 심민희, 채상현",한국농촌경제연구원,농업·농촌경제동향,"Vol.2013No.3[2013]
",2013,Korean,,,,"학술저널
",http://www.krei.re.kr,1-106,,,, KISS,,"Ⅰ. 국내경제 동향
● 2013년 3/4분기 원계열 기준 실질 국내총생산(GDP)은 전년 동기대비 3.3% 증가함.
● 2013년 3/4분기 민간소비는 비내구재와 서비스 소비가 늘어나 전기 대비 1.1% 증가, 전년 동기대비 2.2% 증가함.
● 2013년 3/4분기 총수출은 일반기계, 석유화학제품 등을 중심으로 전년 동기대비 2.9% 증가함.
● 2013년 9월 취업자는 25,466천명으로 전년 동월대비 463천명 증가함.
● 2013년 8월 소매판매는 내구재는 감소하였으나, 준내구재, 비내구재 모두 증가하면서 전월 대비 0.4% 증가, 전년 동월대비 2.5% 증가함.
● 2013년 2/4분기 가구당 월평균 소득은 404만 1천원으로 전년 동기대비 2.5% 증가(실질로는 1.3% 증가)함.
● 2013년도 3/4분기 생산자물가지수는 105.7로 전분기와 같으나, 전년 동기대비 1.4% 하락함.
● 2013년 8월중 협의통화(M1, 평잔)는 0.9% 감소(원계열 전년 동월대비 9.5% 증가)하였으며, 2013년 8월중 광의통화(M2, 평잔)는 수시입출식 저축성예금 등을 중심으로 0.1% 감소함.
● 2013년 9월말 원/달러 환율은 1,075원으로 전월말 종가인 1,109원 보다 34원 하락함.
Ⅱ. 농촌경제 동향
● 2013년 3/4분기 식료품 생산자물가지수는 107.9로 전년 동기대비 2.9% 하락한 반면, 전분기 대비 0.8% 상승함.
● 2013년 3/4분기 농산물 도매가격지수는 전분기와 대비하여 고추, 마늘, 양파 등의 일부 채소류와 사과, 배 등의 과일류는 하락하여 약세를 보인 반면 쌀과 배추, 무, 느타리 등의 품목은 상승함.
● 2013년 3/4분기 농산물 체감물가지수는 111.5로 전년 동기대비 1.5% 하락, 전분기 대비 1.7% 상승함.
● 2013년 3/4분기 농림어업 취업자수는 1,724천 명으로 전년 동기대비 1.1% 증가 하였고, 전분기 대비 2.3% 증가함.
● 2013년 1∼9월 농림축수산물의 수출액은 전년 동기대비 3.1% 감소한 5,706백만 달러임.
● 2013년 1∼9월 농림축수산물 수입액은 총 25,307백만 달러로 전년 동기대비 1.5% 증가함.
Ⅲ. 특별주제 주요 시사점
1. 스마트 농업의 사례와 발전방안
● 스마트 농업은 IT 기술이 농산업(6차 + α)과 융합하여 보다 많은 부가가치를 창출하게 됨. 또한 스마트 농업은 농축산물의 생산·유통·소비, GIS 및 농촌지역의 정보와 결합되어 농업·농촌의 가치를 증대시키는 역할을 하는 것임.
● 스마트 농업의 구현으로 생산·유통·소비·농업·농촌 부분에 신성장 동력원을 창출하게 되고 이를 통해 농업의 생산·유통·소비 전 과정에 걸친 생산성·효율성·품질 향상 등 고부가가치 창출을 가능하게 할 수 있음.
● 생산부문에서는 각종 기술과 다양한 정보를 활용하여 스마트 생산을 가능하게 하고, 유비쿼터스 기술 등으로 스마트 농장이 탄생하고 있음.
● 유통부문에서는 새로운 정보기기를 통해 시장에 직접가지 않고도 안심하고 농산물을 구매하는 새로운 유통방식이 확장될 것으로 기대됨.
● 소비부문에 있어서는 농산물 생산자와 소비자 간의 정보 비대칭성을 줄여 스마트 소비가 가능해지고, 도-농간의 신뢰를 공고히 할 수 있을 것으로 보여짐.
● 농촌분야에서는 지역의 실제 날씨를 반영한 게임 어플리케이션과 농촌 관광정보의 제공은 농업·농촌에 대한 친숙함을 높이는 계기가 되고, GIS를 통해 지역 정보를 실시간으로 파악할 수 있고 이를 통해 농촌 관광 등 수요증대로 지역 경제가 활성화될 것으로 기대됨.
● 분야별 주요 사례는 ① 스마트 원예(온실자동제어) ② 스마트 축산 (Pig Plan) ③ 스마트 임업 (산림공간정보 시스템) ④ 스마트 유통 (공급사슬관리정보시스템) ⑤ 스마트 지리정보(농작물지리정보시스템) ⑥ 스마트 농촌 (스마트폰을 활용한 농촌관광정보 제공) 등임.
● 분야별 발전방안 첫째, 원예 부문의 경우 노지 채소 부문의 스마트 기술 개발 및 보급 정책이 필요함.
● 둘째, 축산 부문 스마트 농업 확대를 위해서는 식품안전에 대한 정보의 구축과 전달이 잘 이루어질 수 있는 체계를 구축함으로써 생산과 유통단계에서 소비자들의 요구에 부응할 수 있어야 함.
● 셋째, 임업의 경우 산림경영에 필요한 정보 콘텐츠 구축, 정보통신 인프라 구축, 앱 개발, 사용자 능력 배양 등이 시급한 선결 과제임.
● 넷째, 농산물 유통과 물류 분야의 스마트 기술 도입을 위해서는 공동선별을 통해 농산물을 유통하는 조직의 합의를 통해 표준을 제정하는 것이 바람직함.
● 다섯째, 지리정보는 단일 산업보다는 다른 산업과 융복합하여 새로운 부가가치를 창출하는 파급효과가 크기 때문에 향후 스마트 농업 분야에서 융복합을 강화할 필요가 있음.
● 여섯째, 농촌활력을 위해 IT 기술을 활용하여 첨단화 된 농촌으로 탈바꿈하기 위한 정책적 배려가 필요하며, 이를 위해서는 농촌주민에 대한 IT 활용에 관한 교육과 지속적인 투자가 필요함.
● 스마트 농업 확대 및 보급을 위해서 기존 농식품 분야 IT 융합 관련사업의 운영 및 활용 실태를 점검할 필요가 있으며, 실용화를 목표로 기술개발이 이루어지는 R&BD 방식의 추진체계가 적극적으로 이루어져야 함.
2. 귀농·귀촌 동향과 전망
● 최근 몇 년 사이의 귀농·귀촌 인구 급증 현상을 배경으로, 정부의 정책 대응 필요성이 제기되고 있음.
● 우리나라 총인구 가운데 농촌 인구 비율은 최근 40년 여 동안 빠르게 하락하다가 2005년 이후 18% 대에서 안정되는 경향을 보이고 있음.
● 귀촌, 즉 도시로부터 농촌으로의 인구 이동 추세도 변화를 보이고 있음. 2005년 이후로 귀촌 인구 총량은 안정된 기조를 유지한 반면에 농촌에서 도시로 이주한 반대 방향의 인구 이동은 급격히 감소했다고 짐작할 수 있음.
● 귀농 인구가 증가한 이유로는 ① 도시민의 라이프스타일 변화가 본격화, ② 도시의 노동시장 구조가 불안정 ③ 베이비부머 세대의 은퇴 시기가 도래 등임.
● 귀농 인구를 전망하는데 활용할 만한 통계 자료가 없는 실정임. 농림축산식품 부 ‘귀농·귀촌 실태 조사’ 자료를 활용하여 2020년까지 귀농 가구가 얼마나 증가할 것인지를 추정하려 시도함.
● 추정 결과, 귀농 가구 수는 당분간 꾸준히 증가하여 약 2020년경에는 최소 1만 5,400가구에서 최대 4만 5,875가구까지 증가할 것으로 파악됨. 이 정도 규모의 귀농 인구는 농업인력 육성 정책 측면에서는 상당한 의미를 갖는 것임.
● 귀농 인구를 농업 부문에 새로이 진입하는 비중있는 신규 경영인력 집단이라는 관점에서 파악하고 정책을 개발할 필요가 있음.
● 귀농·귀촌과 관련된 정책 개입의 근거가 되는 법률이 여럿 있지만, 여러 법률에 관련 규정이 산재되어 체계성을 확보하지 못하고 있음.
● 귀농·귀촌과 관련하여 법제를 정비하고 중앙정부 및 지방자치단체의 정책을 조정하는 것이 당면한 과제임. 정부가 귀농·귀촌 인구를 인위적으로 촉진하는 것은 자제하고 귀농·귀촌의 긍정적인 효과를 증폭시킬 수 있는 수단들을 마련하는데 객관적인 자세로 임해야 함.",,
ICT 융복합 시설설치의 원스톱 행정체제 도입에 관한 법적 검토 = Legal review of the administrative system introduced one-stop ICT convergence of complex building installations,김남욱 ( Kim Nam Wook ),단국대학교 법학연구소,법학논총(Dankook Law Review),"Vol.40No.3[2016]
",2016,Korean,"민원1회 방문제, 원스톱행정, 스마트시티, 유비쿼터스도시, 통합운영센터, 신속처리제도, ICT융복합시설, complaint a single visit agent, a one-stop government, smart city, ubiquitous city, integration Operations Center, rapid processing system, ICT integration and complex",,KCI등재,"학술저널
",,99-132,3.0,,, KISS,홍익대학교 중앙도서관,"과학기술과 ICT융합기술의 발전은 편안하고 안전한 유비쿼터스도시 기반시설의 조성을 넘어 도시민이면 누구나 필요한 스마트시티의 도시정보에 접속하여 필요한 서비스를 제공받을 수 있도록 하고 있다. 유비쿼터스도시의 조성은 행정청 주도적으로 이루어지는데 반하여, 스마트시티는 ICT융합기술을 이용하여 시민이 주도적으로 조성하고 있다. 부산광역시, 대구광역시, 인천광역시, 세종특별시 등에서는 지역특성을 고려하여 스마트 실증시범, 의료, 국제해양관광서비스, 글로벌 기업유치, 친환경그린을 위한 스마트시티를 시범사업으로 조성하고 있다. 이러한 스마트시티는 사물인터넷(IoT)기반으로 인간과 인간, 인간과 사물, 사물과 사물, 지방자치단체의 도시 간에 네트워크에 의하여 소통이 원활한 지역사회 내지 공동체를 형성하고, 도시의 지속가능한 발전, 도시기능의 효율성 제고, 주민의 삶의 질을 향상시키고 있다. 그러나 스마트시티의 전단계인 유비쿼터스도시를 건설하기 위한 유비쿼터스도시의 건설 등에 관한 법률에 의하여 유비쿼터스 사업시행자의 실시계획수립에 따른 인허가 의제규정이 있으나, IoT, 드론, 인공지능, 빅데이터, 원격감지, 3D프린터, 모바일기술 등을 이용한 스마트시티의 기반시설은 유비쿼터스기반시설로 보기 어려우므로 인·허가 의제규정이 적용되지 않는다. 특히 부산광역시는 IoT기반으로 글로벌 ICT 허브로 성장하기 위하여 부산 해운대구센텀시티에 실증시범사업으로 교통혼잡 안내서비스, 스쿨존 지역 보행안전서비스, 영상기반 스마트 파킹 서비스고도화, 스마트 미아방지 서비스, 스마트미러, 스마트 전통시장, 스마트 해상안전-드론 등을 추진하고 있는데, ICT융합도시시설의 설치 및 관리유지, 인허가·승인에 관한 부서가 중첩되어 있고 부처이기주의로 인하여 원할한 ICT 융합 도시시설의 설치에 방해를 받고 있으며, 스마트시티를 규율하고 있는 법률이나 조례의 부재로 스마트시티 실증시범사업 추진에 어려움에 처해 있으므로 ICT융복합도시시설의 설치에 관한 원스톱행정체제 구축이 절실히 필요한 실정이다. 스마트시티에 관한 법적인 선행연구는 ICT법체계를 입법학적으로 검토하면서 ICT특별법의 기본법으로서 방향설정, 집행기관과 수범자에 대한 예측가능성확보를 논의하거나, ICT관리체계 통합, ICT진흥과 융합을 위한 규제 개선, 유비쿼터스도시의 통합운영센터의 관리·운영상의 문제점과 개선방안을 제시하였다. 따라서 스마트도시의 개념과 현황을 고찰한 후, ICT 융복합시설 설치사업의 민원사무의 법적성질, ICT 융합시설의 인허가의제와 원스톱민원서비스와의 구별, 스마트시티의 기반시설의 유비쿼터스도시법상의 인허가의제 규정 적용여부, ICT융합활성화특별법상의 신속처리제도와 임시허가제도의 도입가능성, ICT 융복합시설 설치에 관한 민원1회 방문처리제도 도입, 부산광역시 민원1회 방문처리제도에 관한 규칙 제정, 스마트시티 통합운영센터 설치 운영, ICT융합시설설치 및 관리에 원스톱 민원행정서비스를 할 수 있도록 하는 거버넌스구축 등에 관한 법적 문제와 그 개선방안을 제시한다.","The development of fusion technology of science and technology and ICT, access to comfortable and safe ubiquitous urban infrastructure anyone smart City of city information necessary if the city people beyond the construction of the facility, subject to the provision of necessary services It has to allow. The composition of the ubiquitous city is carried out in an administrative agency leadership contrary, Smart City is using the fusion technology of ICT, citizens are led to construction. Busan, Daegu, Incheon, in such as Sejong City, in consideration of the characteristics of the region, smart verification test, medical, international marine tourism services, global companies attract, environmentally friendly, smart for the Green and to construct the city as a model project. These Smart City, based on the Internet (IoT) of things, human beings and human beings, human beings and things, things and things, smoothly communication by inter-city network of local governments community or communities to form, the duration of the city possible growth, improving the efficiency of urban functions, thereby improving the quality of life of residents. However, there is a licensing agenda provisions based on the implementation plan of the ubiquitous business enforcement who by law related to construction such as ubiquitous city for the construction of a ubiquitous city is the previous stage of the Smart City, IoT, drone, artificial intelligence, big data, remote sensing, 3D printer, smart City infrastructure that uses such as mobile technology, so difficult to see in the ubiquitous infrastructure, licensing agenda provision does not apply. In particular, Busan, traffic congestion information service to Haeundae Centum City in the demonstration model business Busan in order to grow as a global ICT hub in the IoT-based, school zone region walking safety services, of the video-based smart parking services sophistication of the scan, smart lost prevention services, smart mirror, smart traditional markets, smart maritime safety - has been promoting, such as drones, installation and management maintenance of ICT of fusion urban facilities, the department about the licensing and approval and nested, by the selfishness of the ministries have received the interference to the installation of smooth ICT fusion urban facilities, difficulties in promoting the demonstration model project of smart City member of the laws and regulations that are governing the smart City is a reality is a desperate need to create a one-stop administrative system for the installation of ICT integration and complex urban facilities so we have faced. In the legal previous research on Smart City, direction setting as the Basic Law of the ICT special law while considering the ICT legal system legislation to, or discussion to ensure the predictability of enforcement agencies and by example who, integration of ICT management system, regulation improvement for the ICT promotion and fusion, presented proposals for improvement and management and operational problems of integration operations Center of the ubiquitous city. Therefore, after consideration of the concept and the current state of the smart city, the legal nature of the petition office of the installation business of ICT integration and complex, the distinction between the first and the one-stop complaint service of licensing of ICT of the fusion facility, the Smart City infrastructure whether or not to apply the provisions of the approval of the ubiquitous urban law of the facility, the possibility of the introduction of the rapid processing system and the temporary permit system on the fusion activation special law of ICT, the complaint once for the installation of ICT integration and complex the introduction of the visit processing system, rulemaking relating to the processing system of the complaint once the visit of Busan Metropolitan City, installation management of the smart City integrated operations Center, to allow the fusion facility installation and management one-stop complaints administrative services of ICT presenting the legal issues related to construction such as governance and its improvement measures.",
ICT 융복합 시설설치의 원스톱 행정체제 도입에 관한 법적 검토 = Legal review of the administrative system introduced one-stop ICT convergence of complex building installations,김남욱,단국대학교 법학연구소,법학논총(Dankook Law Review),"Vol.40No.3[2016]
",2016,Korean,"민원1회 방문제,원스톱행정,스마트시티,유비쿼터스도시,통합운영센터,신속처리제도,ICT융복합시설,complaint a single visit agent,a one-stop government,smart city,ubiquitous city,integration Operations Center,rapid processing system,ICT integration and complex",,KCI등재,"학술저널
",,99-131,3.0,,, KCI,홍익대학교 중앙도서관,"과학기술과 ICT융합기술의 발전은 편안하고 안전한 유비쿼터스도시 기반시설의 조성을 넘어 도시민이면 누구나 필요한 스마트시티의 도시정보에 접속하여 필요한 서비스를 제공받을 수 있도록 하고 있다. 유비쿼터스도시의 조성은 행정청 주도적으로 이루어지는데 반하여, 스마트시티는 ICT융합기술을 이용하여 시민이 주도적으로 조성하고 있다. 부산광역시, 대구광역시, 인천광역시, 세종특별시 등에서는 지역특성을 고려하여 스마트 실증시범, 의료, 국제해양관광서비스, 글로벌 기업유치, 친환경그린을 위한 스마트시티를 시범사업으로 조성하고 있다. 이러한 스마트시티는 사물인터넷(IoT)기반으로 인간과 인간, 인간과 사물, 사물과 사물, 지방자치단체의 도시 간에 네트워크에 의하여 소통이 원활한 지역사회 내지 공동체를 형성하고, 도시의 지속가능한 발전, 도시기능의 효율성 제고, 주민의 삶의 질을 향상시키고 있다.
그러나 스마트시티의 전단계인 유비쿼터스도시를 건설하기 위한 유비쿼터스 도시의 건설 등에 관한 법률에 의하여 유비쿼터스 사업시행자의 실시계획 수립에 따른 인허가 의제규정이 있으나, IoT, 드론, 인공지능, 빅데이터, 원격감지, 3D프린터, 모바일기술 등을 이용한 스마트시티의 기반시설은 유비쿼터스 기반시설로 보기 어려우므로 인⋅허가 의제규정이 적용되지 않는다. 특히 부산광역시는 IoT기반으로 글로벌 ICT 허브로 성장하기 위하여 부산 해운대구 센텀시티에 실증시범사업으로 교통혼잡 안내서비스, 스쿨존 지역 보행안전서비스, 영상기반 스마트 파킹 서비스고도화, 스마트 미아방지 서비스, 스마트미러, 스마트 전통시장, 스마트 해상안전-드론 등을 추진하고 있는데, ICT융합도시시설의 설치 및 관리유지, 인허가⋅승인에 관한 부서가 중첩되어 있고 부처이기주의로 인하여 원할한 ICT 융합 도시시설의 설치에 방해를 받고 있으며, 스마트시티를 규율하고 있는 법률이나 조례의 부재로 스마트시티 실증시범사업 추진에 어려움에 처해 있으므로 ICT융복합도시시설의 설치에 관한 원스톱행정체제 구축이 절실히 필요한 실정이다.
스마트시티에 관한 법적인 선행연구는 ICT법체계를 입법학적으로 검토하면서 ICT특별법의 기본법으로서 방향설정, 집행기관과 수범자에 대한 예측가능성 확보를 논의하거나, ICT관리체계 통합, ICT진흥과 융합을 위한 규제 개선,유비쿼터스도시의 통합운영센터의 관리⋅운영상의 문제점과 개선방안을 제시하였다.
따라서 스마트도시의 개념과 현황을 고찰한 후, ICT 융복합시설 설치사업의 민원사무의 법적성질, ICT 융합시설의 인허가의제와 원스톱민원서비스와의 구별, 스마트시티의 기반시설의 유비쿼터스도시법상의 인허가의제 규정 적용여부, ICT융합활성화특별법상의 신속처리제도와 임시허가제도의 도입가능성,ICT 융복합시설 설치에 관한 민원1회 방문처리제도 도입, 부산광역시 민원1회 방문처리제도에 관한 규칙 제정, 스마트시티 통합운영센터 설치 운영, ICT융합시설설치 및 관리에 원스톱 민원행정서비스를 할 수 있도록 하는 거버넌스구축 등에 관한 법적 문제와 그 개선방안을 제시한다.","The development of fusion technology of science and technology and ICT, access to comfortable and safe ubiquitous urban infrastructure anyone smart City of city information necessary if the city people beyond the construction of the facility, subject to the provision of necessary services It has to allow. The composition of the ubiquitous city is carried out in an administrative agency leadership contrary, Smart City is using the fusion technology of ICT, citizens are led to construction. Busan, Daegu, Incheon, in such as Sejong City, in consideration of the characteristics of the region, smart verification test, medical, international marine tourism services, global companies attract, environmentally friendly, smart for the Green and to construct the city as a model project. These Smart City, based on the Internet (IoT) of things, human beings and human beings, human beings and things, things and things, smoothly communication by inter-city network of local governments community or communities to form, the duration of the city possible growth, improving the efficiency of urban functions, thereby improving the quality of life of residents.
However, there is a licensing agenda provisions based on the implementation plan of the ubiquitous business enforcement who by law related to construction such as ubiquitous city for the construction of a ubiquitous city is the previous stage of the Smart City, IoT, drone, artificial intelligence, big data, remote sensing, 3D printer, smart City infrastructure that uses such as mobile technology, so difficult to see in the ubiquitous infrastructure, licensing agenda provision does not apply. In particular, Busan, traffic congestion information service to Haeundae Centum City in the demonstration model business Busan in order to grow as a global ICT hub in the IoT-based, school zone region walking safety services, of the video-based smart parking services sophistication of the scan, smart lost prevention services, smart mirror, smart traditional markets, smart maritime safety - has been promoting, such as drones, installation and management maintenance of ICT of fusion urban facilities, the department about the licensing and approval and nested, by the selfishness of the ministries have received the interference to the installation of smooth ICT fusion urban facilities, difficulties in promoting the demonstration model project of smart City member of the laws and regulations that are governing the smart City is a reality is a desperate need to create a one-stop administrative system for the installation of ICT integration and complex urban facilities so we have faced.
In the legal previous research on Smart City, direction setting as the Basic Law of the ICT special law while considering the ICT legal system legislation to, or discussion to ensure the predictability of enforcement agencies and by example who, integration of ICT management system, regulation improvement for the ICT promotion and fusion, presented proposals for improvement and management and operational problems of integration operations Center of the ubiquitous city.
Therefore, after consideration of the concept and the current state of the smart city, the legal nature of the petition office of the installation business of ICT integration and complex, the distinction between the first and the one-stop complaint service of licensing of ICT of the fusion facility, the Smart City infrastructure whether or not to apply the provisions of the approval of the ubiquitous urban law of the facility, the possibility of the introduction of the rapid processing system and the temporary permit system on the fusion activation special law of ICT, the complaint once for the installation of ICT integration and complex the introduction of the visit processing system, rulemaking relating to the processing system of the complaint once the visit of Busan Metropolitan City, installation management of the smart City integrated operations Cente...",
이중 요인 개념(dual-factor concepts)을 적용한 소셜 미디어 여행정보 공유에 관한 연구,"한진성(Jin Seong Han),윤지환(Ji Hwan Yoon)",한국호텔외식관광경영학회,호텔경영학연구,"Vol.22No.5[2013]
",2013,Korean,"소셜 미디어,이중 요인 개념,dual-factor concepts,심리적 동기요인,제약요인,여행정보공유,Social Media,Dual-factor Concept,Psychological Motivations,Barriers,Travel Information Sharing",,KCI등재,"학술저널
",http://www.kasha.or.kr,175-195,17.0,,, DBpia,,"소셜 미디어(social media) 사용자의 지속적인 증가와 스마트폰 확산에 따른 이용 편의성은 소셜 미디어를 여행정보 탐색 및 정보 공유의 장으로 변화시키며 관광 분야의 새로운 패러다임을 이끌고 있다. 특히, 정보의 확산에 따른 구전효과가 여행객 의사결정에 큰 영향을 미치고 있음이 확인되면서, 소셜 미디어 사용자의 여행정보 공유행위를 이해하는 것은 중요한 문제로 부각되고 있다. 따라서 본 연구에서는 소셜 미디어를 통한 여행정보 공유행위를 가능자(enabler)와 억제자(inhibitor)의 이중적 구조를 통해 알아보고자 하였다. 이를 위해 Cenfetelli (2004)가 제안한 이중 요인 개념(dual-factor concepts)을 적용하여 연구모형을 각각 심리적 동기와 제약으로 구분하고, 제안한 7개 가설의 영향관계를 통합적 관점에서 검증하였다. 관련 선행연구를 통해 여행정보 공유의 심리적 동기요인과 제약요인을 도출하였으며, 구조방정식을 이용하여 정보공유태도 및 공유의도와의 영향관계를 실증 분석하였다. 총 228명의 소셜 미디어를 통한 여행정보 공유 경험이 있는 관광소비자들을 대상으로 조사한 결과, 심리적 동기 중에서는 개인적 즐거움 및 이타성 동기가 여행정보 공유태도에 긍정적인 영향을 미치는 것으로 나타났으며, 제약요인에서는 무관심 요인만이 정보공유 태도에 부정적인 영향을 미치는 것으로 나타났다. 또한 여행정보 공유태도는 여행정보 공유의도에 긍정적으로 유의한 영향을 미치는 것이 확인되었다. 본 연구는 소셜 미디어를 이용한 여행정보 공유를 동기와 제약의 이중 요인 개념(dual-factor concepts)을 적용하여 설명하고, 개인의 심리적 측면을 통한 정보공유 행위를 파악하고자 하였다는 점에서 그 학술적 시사점을 찾을 수 있다. 또한 이상의 결과는 관광 실무자들에게 생성되는 정보원천의 파악과 더불어 가치 있는 정보 획득 및 기업의 실질적 마케팅, 커뮤니케이션 전략을 제시하는데 도움이 될 수 있을 것으로 판단된다.","Continuous increase in the number of social media users and the convenience in usage due to spread of smart phones, made social media the leader of the new paradigm in tourism as it changed into the field for searching and sharing travel information. Especially, as the electronic word-of-mouth (eWOM) effect due to spread of information plays an important role in decision making process of travelers, it is important to understand the travel information sharing of social media users. Therefore, this study investigates the sharing travel information by social media in dual structure of enabler and inhibitor. It applies the dual-factor concepts suggested by Cenfetelli(2004), distinguishes the research models with respect to psychological motivation and barriers, and verifies the influence of relation in the seven hypotheses in an integrated perspective. After investigating 228 tourism consumers who had experience of sharing travel information through social media, this study found that the ``personal enjoyment`` and ``altruism`` motivation had a positive effect on attitude toward sharing travel information. In barriers, ``indifference`` only negatively affected sharing information behavior. Also, it showed that the attitude towards travel information sharing had a positive influence on travel information sharing intention. This study has several theoretical and practical implications. As for the theoretical implications, we attempt to employ the dual-factor concepts as a theoretical lens into our research model, and also examine the effects of motivation and barrier factors on sharing travel information through psychological area of individuals. Finally, the result of this study will help the hands-on workers in tourism by providing the information source and valuable information, and by suggesting the actual marketing and communication strategy for firms.",
거가대교 개통 이후 거제시 교통대책 방안과 과제,"송기욱,김종국",경남발전연구원,정책포커스,"Vol.-No.-[2011]
",2011,Korean,,,,"학술저널
",,1-46,,,, DBpia,,"○거제시를 방문하는 관광객 중 60% 정도는 두 곳 이상을 방문하고 있으며, 주요관광지를 중심으로 동시간대 교통량 집중에 의한 지정체 및 주차난이 발생하고 있음
  ○이러한 문제에 대한 해결책은 수요관리 또는 공급관리적인 측면에서 검토되어야 하는데, 수요관리적 측면의 해결책이란 관광객 스스로 혼잡한 시간대 및 지역을 회피하도록 유도하는 대책임
  ○첫째, 관광지의 실시간 교통정보를 동영상 및 문자 형태로 제공하고 경우에 따라서는 대체 관광지를 안내해주는 가변정보판의 제공이며, 둘째, 관광객을 대상으로 한 첨단 맞춤형 교통정보의 제공인데, 스마트폰 등을 이용하여 가변정보판의 공간적 한계를 보완하고 이용자에게 언제, 어디서나, 연속적으로 정보를 제공하는 것임
  ○또한, 공급관리적인 측면의 해결책이란 주차공간을 확충하는 것으로 기존 도로공간을 활용하여 휴일 등 수요가 집중되는 특정일에 임시 노상주차장을 제공하는 것임
  ○이와 같은 내용을 기본개념으로 포로수용소 유적공원, 바람의 언덕(신선대), 김영삼 생가 등 주요관광지 3지역의 교통문제와 개선방안을 다음과 같이 요약하여 제시함 〈표참조〉  
  ○한편 버스터미널 입지이전과 관련해서, 기존연구에서 비교된 후보지1(송정IC 인근)과 후보지2(상문동)는 거제 시가지 정체해소와 거제시 장기발전계획을 고려할 때 최적입지가 될 수 없음
  ○향후 거제시 도심과 부도심이 도시권 확대에 따른 연담화(고현~연초~옥포)로 하나의 시가지로 결합될 것이므로, 확대될 도시권의 범위를 충분히 검토하여 기존연구에서 제시된 후보지보다 더 외곽의 교외지역이 최적지가 될 것임
  ○교외지역 중에서도 대중교통노선이 많은 국도14호선과 가깝고 주요 간선도로와의 접근성이 좋으며 장래에 개통될 고속도로 IC와도 인접한 지역이라야 함
  ○또한, 공사비가 상대적으로 저렴하고 장래 부지확장도 용이하며 소음권의 영향에서도 비교적 자유로운 지역에 입지해야 함",,"[표지]
[목차]
  표목차
  그림목차
[Ⅰ. 서론]
  1. 연구배경과 목적
  2. 연구범위와 방법
[Ⅱ. 거제시 주요현황 및 교통측면의 문제점]
  1. 교통관련 주요현황
  2. 주요관광지 및 버스터미널 문제점
[Ⅲ. 거제시 주요관광지와 버스터미널 대책방안]
  1. 주요관광지 교통소통 방안
  2. 버스터미널 입지이전 방안
[Ⅳ. 결론 및 정책제언]
[참고문헌]
"
조경산업 관점에서 4차 산업혁명 기술의 탐색 = Exploring the 4th Industrial Revolution Technology from the Landscape Industry Perspective,"최자호,서주환",한국조경학회,韓國造景學會誌(Journal of the Korean Institute of Landscape Architecture),"Vol.47No.2[2019]
",2019,Korean,"데이터,플랫폼,도시재생,스마트공원,조경정보학,Data,Platform,Urban Regeneration,Smart Park,Landscape Information Science",,KCI우수등재,"학술저널
",http://www.kila.or.kr,59-75,1.0,,, NDSL,고려대학교 과학도서관,"본 연구는 조경산업의 관점에서 4차 산업혁명 기술을 탐색하여, 선순환적 가치증대에 필요한 기초자료를 제공하고자 수행하였다. 4차 산업혁명, 조경산업과 도시재생의 특성 등을 고찰하고, 체계적 연구에 적합한 기술 분류 체계를 틀로 선정하는 등 방법론을 설정하여 연구하였다. 먼저, 조경산업의 선순환적 가치증대에 활용이 가능한 디지털 데이터 기반의 4차 산업혁명 기술을 선별하였다. ‘요소기술 수준’에서 ‘핵심기술’인 사물인터넷, 클라우드 컴퓨팅, 빅데이터, 인공지능, 로봇, ‘주변기술’인 가상․증강현실, 드론, 3D․4D 프린팅, 3D 스캐닝이 디지털 데이터 기반의 4차 산업혁명 기술로 조명되었다. 조경산업에 특화하여 ‘트렌드 수준’으로 응용하면 선순환적 가치증대에 활용이 가능한 것으로 나타났다. ‘시스템 수준’은 하나의 범용기술로 분석하였으며, 플랫폼을 중심으로 요소기술 수준, 컴퓨터와 스마트기기 등이 유기적으로 상호연계되어 시스템화된 디지털 데이터 기반의 4차 산업혁명 기술로 조명되었다. 조경산업에 특화하여 ‘트렌드 수준’으로 응용하면 선순환적 가치증대에 효과적인 기술로 나타났다. 요소기술 수준을 응용한 트렌드 수준에서 제시된 모든 활용 방안의 구현과 시너지효과 창출이 가능하다. 스마트정원, 스마트공원 등이 추구해야 하는 수준으로 분석되었다. 트렌드 수준의 인접산업 기술 중에는 스마트시티, 스마트홈, 스마트팜 및 정밀농업, 스마트관광, 스마트헬스케어가 협업에 의한 연계성이 클 것으로 판단되었다. 다음으로, 도시재생 공공공간을 포함한 조경공간의 조성․유지관리 및 서비스에서 도구이자 소재로서, 트렌드 수준으로 응용된 관련 기술의 다양한 활용 방안이 조명되었다. 즉, 유비쿼터스 컴퓨팅의 실현으로 조경공간에서 디지털 기술의 기본적 특성이 반영된 초연결화, 초실감화, 초지능화, 초융합화되는 방안들이 제시되었다. 조경산업이 도시재생 사업에 참여함에 있어서도, 기존 업무를 비롯하여 새로운 성격의 요구 수용 및 조율, 교육, 컨설팅 등에서 가치를 증대하는데 효과적인 것으로 분석되었다. 특히, 조경영역 전반이 전략적 교두보로 유지관리를 연계하여, 트렌드 수준의 관련 기술을 시스템화할 때 선순환적 가치증대에 효과적인 것으로 나타났다. 산업구조 상, 다양한 경로에서 생산된 데이터와 정보를 유통시키는데 효과적이기 때문이다. 향후 디지털 데이터 기반의 4차 산업혁명 기술을 실제 조경공간의 조성․유지관리 및 서비스에 융합하여 실증하는 등의 후속적 연구가 필요하다.","This study was carried out to explore the 4th Industrial Revolution technology from the perspective of the landscape industry to provide the basic data necessary to increase the virtuous circle value. The 4th Industrial Revolution, the characteristics of the landscape industry and urban regeneration were considered and the methodology was established and studied including the technical classification system suitable for systematic research, which was selected as a framework. First, the 4th Industrial Revolution technology based on digital data was selected, which could be utilized to increase the value of the virtuous circle for the landscape industry. From ‘Element Technology Level’, and ‘Core Technology’ such as the Internet of Things, Cloud Computing, Big Data, Artificial Intelligence, Robot, ‘Peripheral Technology’, Virtual or Augmented Reality, Drones, 3D․4D Printing, and 3D Scanning were highlighted as the 4th Industrial Revolution technology. It has been shown that it is possible to increase the value of the virtuous circle when applied at the ‘Trend Level’, in particular to the landscape industry. The ‘System Level’ was analyzed as a general-purpose technology, and based on the platform, the level of element technology(computers, and smart devices) was systematically interconnected, and illuminated with the 4th Industrial Revolution technology based on digital data. The application of the ‘Trend Level’ specific to the landscape industry has been shown to be an effective technology for increasing the virtuous circle values. It is possible to realize all synergistic effects and implementation of the proposed method at the trend level applying the element technology level. Smart gardens, smart parks, etc. have been analyzed to the level they should pursue. It was judged that Smart City, Smart Home, Smart Farm, and Precision Agriculture, Smart Tourism, and Smart Health Care could be highly linked through the collaboration among technologies in adjacent areas at the Trend Level. Additionally, various utilization measures of related technology applied at the Trend Level were highlighted in the process of urban regeneration, public service space creation, maintenance, and public service. In other words, with the realization of ubiquitous computing, Hyper-Connectivity, Hyper-Reality, Hyper-Intelligence, and Hyper-Convergence were proposed, reflecting the basic characteristics of digital technology in the landscape industry can be achieved. It was analyzed that the landscaping industry was effectively accommodating and coordinating with the needs of new characters, education and consulting, as well as existing tasks, even when participating in urban regeneration projects. In particular, it has been shown that the overall landscaping area is effective in increasing the virtuous circle value when it systems the related technology at the trend level by linking maintenance with strategic bridgehead. This is because the industrial structure is effective in distributing data and information produced from various channels. Subsequent research, such as demonstrating the fusion of the 4th Industrial Revolution technology based on the use of digital data in creation, maintenance, and service of actual landscape space is necessary.",
게임화 투어테인먼트 서비스 플랫폼 설계 및 구현,"이득우,조병상,황호성,김세현",한국인터넷방송통신학회,한국인터넷방송통신학회 논문지,"Vol.17No.3[2017]
",2017,Korean," Gamification, Tourtainment, Tour Guidance, Service Platform",,KCI등재,"학술저널
",,153-158,0.0,,," NDSL, &nbsp;&nbsp; eArticle",,"최근 급속히 진화하고 있는 정보기술 융합과 더불어, 관광분야에 지역 상권 활성화를 도모할 수 있는 새로운 창조관광 모델이 요구된다. 창조관광모델 실현수단으로서, 공간정보, 콘텐츠, 게임, 디바이스, 무선인터넷과 같은 여러 산업분야의 핵심 기술 융합을 통해 지역 관광객 증가 및 상권 활성화를 도모할 수 있는 새로운 관점의 틀이 필요하다. 본 논문에서는 방문객 맞춤형 투어 가이던스를 제공하며, 아웃도어를 대상으로 동기부여·재미·경쟁·보상과 같은 게임화된 투어테인먼트 서비스를 생성 및 제공할 수 있는 게임화 투어테인먼트 서비스 플랫폼을 제시한다. 본 서비스 플랫폼은 지역 관광객 증대 및 지역 상권 활성화를 위해 게임화된 새롭고·즐겁고·유용한 창의적 투어테인먼트 서비스를 창출 및 제공할 수 있는 틀이며, 본 서비스 플랫폼을 통한 스마트 폰 서비스 실증 구현 모델을 제시한다.","With the fast increment of fusion ICT(Information and Communication Technology), new creative tourism model is required for the revival of local economy. We come up with new frame that is able to increase tourists and revive local economy through ICT fusion such as spatial informaion, contents, game, smart phone, wearable device and wireless internet. In this paper, we propose 'Gamified Tourtainment Service Platform' that can be provided tourists with user custom tour guidance and gamified tour services for motivation, fun, contest, reward in the environment of outdoor. This platform is a kind of framework for creating and providing gamified creative tour services and a gateway for increasing tourist and reviving commercial local economy. We also propose the real tourtainment service application that is implemented with this platform and smart phone.","요약
 Abstract
 Ⅰ. 서론
 Ⅱ. 관련 연구
  1. 스마트 투어리즘(Smart Tourism)
  2. 위치기반 게임(LBG: Location Based Game)
 Ⅲ. 투어테인먼트 서비스 플랫폼 설계
  1. 게임화 투어테인먼트 서비스 플랫폼 기능 설계
  2. 서비스 플랫폼 컴포넌트 설계
 Ⅳ. 투어테인먼트 서비스 플랫폼 구현
  1. 서비스 플랫폼 구현 아키텍쳐
  2. 투어테인먼트 서비스 앱 구현
 Ⅴ. 결론
 References"
녹색경제 확산을 위한 국제협력방안(2) -메콩지역의 월경성 전략환경평가체계 구축을 중심으로 = International Cooperation for Diffusion of Green Economy(2): Transboundary Strategic Environmental Assessment in Mekong Region,"유헌석, 노태호, 조을생, 박준현, 윤소운, 김세원, 유기희, 서종혁",한국환경정책평가연구원,사업보고서,"Vol.2015No.-[2015]
",2015,Korean,"메콩 강, 수력발전 댐, 전략환경평가, 스마트농업, 농촌관광, Mekong Region, Hydropower, Transboundary Strategic Environmental Assessment, Smart Agriculture, Sustainable Tourism",500.0,,"학술저널
",,3118-3244,,,, KISS,,"본 연구의 목적은 월경성 전략환경평가(Transboundarγ Strategic Environmental Assessment)를 통해 메콩 강의 수력발전 댐 건설이 메콩 유역국에 미치는 부정적인 환경 영향을 파악하고, 그중 가장 시급한 영역으로 판단되는 농업 및 관광 분야에 관해 우리나라의 사례를 바탕으로 향후 정책 방향을 제시하는 데 있다. 메콩 지역의 전략환경평가 사례를 살펴보기에 앞서 제2장에서는 월경성 환경평가제도 에 대한 이론적 고찰과 메콩강위원회가 강 유역 관리를 위해 개발한 ``Rapid Basin-wide Hydropower Sustainability Assessment Tool (이하 RSAT)`` 의 의의와 한계점에 대해 다루었다 월경성 환경영향평가는 Espoo 협약에 따라 국경간의 환경적 영향을 예상해 계획을 시행해야 한다. 이를 반영하려는 노력의 일환으로 메콩강위원회는 RSAT를 개발하였으나 수력발전 개발로 인한 영향의 규모를 측정하기 위한 구체적인 기준이 없으며 겨우 관련 기관 및 이해당사자 간의 국제적 협력만 강조하는 수준이다. 따라서 메콩 강의 수력에 너지를 위한 댐 건설에 대한 실질적인 월경성 전략환경평가의 필요성을 제기한다. 이어서 제3장에서는 메콩 유역의 수력발전 계획에 대해 시행된 전략환경평가의 사례를 통해 수력발전 계획이 메콩 유역국에 미치는 부정적 영향을 살펴보았다. 전략환경평가는 16개월에 걸쳐 메콩 유역을 6개의 구역으로 나누어 수행하였다. 환경적인 측면뿐 야니라 경제·사회적 측면을 고려하여 총 9개의 주요항목에 대한 영향을 평가하였고 댐 건설과 운영으로 인해 발생하는 생태계 변화, 하천의 퇴적물 및 영양분 이동 감소, 농어업 생산성 저하 식량 안보 문제 등과 같은 부정적 영향으로 메콩 유역 국가간 국제적 긴장감을 조성할 수 있다는 결론을 도출하였다. 그러므로 이에 대한 해결방안을 끌어낼 정책 결정기구의 역할이 대두되며, 베트남, 라오스, 캄보디아 등 유역 국가들이 농업국가인 점에 미루어 볼 때 수력발전 개발에 따라 예상되는 부정적인 영향을 극복하고자 농촌개발의 필요성이 더욱 강조된다. 제3장에서 살펴본 바와 같이 메콩 강 하류 지역 국가, 특히 베트남, 라오스, 캄보디아의 세 국가에 대해 농업생산성을 향상하고 농촌관광을 활성화하는 방안을 마련하는 것이 시급하다 게다가 2016년부터 이행해야 하는 SDGs 의제 중 ``빈곤퇴치`` 와 ``지속가능한 농업 증진`` 이 가장 큰 비중을 차지한다는 점을 고려한다면, 세 국가의 지속가능한 농촌개발 은 더욱 요구된다 이에 따라 제4장에서는 세 국가의 농업현황과 농촌개발 정책 및 관광산업의 현황을 파의F하였다 수력발전 개발로 발생하는 문제를 해결 또는 방지하고 기후변화 에 대응하기 위하여 기술집약적인 스마트 농업의 도입과 이와 연계한 지속가능한 관광을 제안한다 이를 실현하기 위해서는 중앙정부와 지방정부를 중심으로 지역주민대표 등 모든 관련 이해당사자들이 정책수립과 지원제도 확립에 참여해야 한다. 하지만 제5장을 통해 한국이 실시한 농촌개발 정책 사례를 보면 2000년대 초 이후에 친환경 농촌개발 정책이 도입된 것을 알 수 있다 이는 메콩 유역국 같은 개도국에 대한 개발 원조사업에 여러 시사점을 제공한다 환경보전과 개발을 동시에 추구하는 지속적인 농촌개발 정책이 빈곤과 기아문제로 경제성장이 시급한 개도국에 적합하며 바로 도입 가능한 정책이 될 수 있는지 다시 한 번 고민해봐야 한다. 결론적으로 한국의 과거 농촌개발 정책 중 연료림 조성과 연료 절약형 취사도구의 보급 이 농업 농촌의 다원적 기능을 살리고 동시에 농촌 주민의 경제성과 삶의 질을 높이는 정책이므로 이를 바탕으로 친환경 기술과 더불어 각국의 환경과 현황에 적합하도록 현지화 전략과 보급방안 연구가 이루어져야 할 것이다.","This research aims to propose policy direction for agriculture development and sustainable tourism in the Mekong region in the frame of green economy and international cooperation. It asserts that based on the experiences of Korea, more research should be conducted, which is on a strategy plan to spread new eco-friendly agrotechnology and establishing local-appropriate policy for rural development and agricultural tourism (sustainable tourism) in Mekong region. It requires participation of not only central and local government but also all stakeholders such as local residents in planning and implementing. Mekong River Commission(MRC) conducted Strategic Environmental Assessment(SEA) of Hydropower on the Mekong Mainstream in 2010. The report predicted adverse impacts on environment section and also social economy section in Mekong basin countries by construction and operation of hydropower dams, which are food security problem, reduction of agriculture and fisheries productivity, decrease in sediments and nutrients load and ecosystem change. These problems have big possibility to bring potential conflict on the issue among the countries in the region. Hence, considering the Mekong region such as Vietnam, Lao PDR, and Cambodia as agrarian countries, role of policy-making body and necessary of agriculture development is much emphasized in order to prevent or at least minimize predictable negative influences. Looking at the contemporary changes in rural development policy in Korea, introduction of eco-friendly policy is seen after the early 2000s. This provides a number of implications to development assistance for developing countries. Economic growth is much urgent in the developing countries having problems of poverty and hunger and it would be difficult to consider sustainable agriculture development policy which pursues both environmental protection and development at the same time. Therefore, policy and technology for sustainable development in agriculture should be more appropriate to local in each country and these will be discussed in the following research project in 2016.",
중국 20·30세대 新소비 트렌드와 부산의 대응,장정재,부산발전연구원,BDI 포커스,"Vol.-No.339[2018]
",2018,Korean,,,,"학술저널
",,1-12,,,, DBpia,,"○ 중국발 사드 정국 이후 급감했던 대중 수출, 싼커(중국인 개별관광객) 방문객이 회복 국면
  - 중국(관광객)은 부산 수출의 13%(2016년 기준), 부산 방문 외국인관광객의 30% 이상(2016년 기준)을 차지하는 중요 마케팅 대상
  ○ 이러한 상황 변화와 함께 최근 중국 新소비층으로 지우링허우(1990년 이후 출생  · 20대), 빠링허우(1980년 이후 출생 · 30대)가 부상하면서 타겟 마케팅 대상으로 주목
  - 기존 세대와는 확실히 다른 왕성한 소비성향으로 시장에서 중요한 경제세력으로 떠오름
  ○ 부산은 중국 20  · 30세대의 신소비 트렌드를 관광  · 통상분야에 활용하기 위해 ▲타겟 마케팅 ▲스마트 관광홍보 강화 ▲맞춤형 마케팅 집중 ▲전자상거래 진입 지원 강화 등이 필요
(그림 본문 참조)",,"[요약]
[Ⅰ. 중국 20 · 30세대의 부상]
   1. 중국 20 · 30세대란?
   2. 세대별 특징
   3. 중국인의 대부산 영향
[Ⅱ. 중국 20 · 30세대의 新소비 트렌드]
   1. 소비분야별 특징
   2. 소비 플랫폼
[Ⅲ. 부산의 대응방안]
   1. 관광
   2. 통상
"
B4-2 : 항공시장 동향 및 전망,성연영,한국항공경영학회,한국항공경영학회 춘계학술대회,"Vol.2014No.-[2014]
",2014,Korean,,,,"학술저널
",,80-80,,,, KISS,,"2013년은 국내 공항들은 연초부터 북한의 핵실험, 미 보스턴 마라톤대회 폭탄 테러, 일본 엔저정책, 중국 여유법 시행 등 국내외 이슈가 끊임없이 발생하였다. 이러한 여러 가지 대외 악재 속에서도 우리나라 항공운송실적은 운항 6.7%, 여객 5.8%, 화물 0.7%의 성장세를 보였다. 2013년 우리나라 항공여객은 전년대비 5.8% 증가한 7,334만명을 기록하며 개항이래 최초로 7천만명을 돌파하였다. 국내여객은 저비용항공사의 제주노선 이용객 증가 등의 영향으로 전년대비 3.5% 증가한 2,235만명 기록하였다. 제주노선(81.5% 비중)은 봄 유채꽃축제.가을 단풍 등 계절관광, 제주올레 걷기, 세계자연유산 트레킹 등을 즐기는 여행객 증가로 전년대비 6.5% 증가하였으나, 내륙노선(18.5% 비중)은 대형항공사의 감편운항, KTX등 대체교통수단의 발달로 전년대비 7.9% 감소로 상쇄되어 국내여객은 3.5% 상승에 그쳤다. 국제여객은 전년대비 6.9% 증가한 5,099만명으로 작년에 이어 역대 최고실적 갱신하였다. 중국의 직항노선 개설 및 전세기 취항 증가 등 신규수요 창출, 한류 열풍 및 계절관광으로 인한 중국.동남아 관광객 증가, 국내외 저비용항공사의 공급력 확대, 개별관광객(FIT)증가 등이 원인으로 분석된다. 항공화물은 글로벌 경기침체로 최근 3년간 부진한 실적을 보였으나, 국제화물의 소폭 증가가 국내화물의 감소를 상쇄하여 전년대비 0.7% 증가한 350만 톤을 기록하였다. 2014년에는 대체휴일제 시행으로 인한 공휴일이 총 67일로 12년 만에 최대 증가, 원화강세에 따른 내국인 여행수요 증가, 중국 등 신흥국의 중산층 증가로 해외여행시장 성장과 한류관광 수요 지속으로 외국인 관광객 증가, 브라질 월드컵(6.13~7.14).인천 아시아게임(9.19~10.4) 등 이벤트의 영향, 저비용항공사의 취항 확대 등으로 여객 증가세가 지속될 것으로 예상된다. 다만 중국의 직항노선 확대 및 일본 하네다 공항의 국제선 기능 강화 정책, 동남아 정세 및 기상의 영향, 여객선 침몰사건으로 인한 항공부문 영향 등이 변수로 작용할 것으로 예상된다. 화물부문은 미국 테이퍼링(양적완화의 점진적 축소) 여파, 일본 소비세 인상 등의 대외여건 불확실성이 존재하나 선진국 중심의 세계경제 회복이 예상되고, 신흥시장의 보급형 스마트폰 수요 증가, 해외거점 생산을 위한 무선통신기기 부품 수출 호조, 신선 화물.의약품 등의 화물 수요 기대 등으로 작년보다 소폭 증가세를 보일 것으로 전망된다. 국제항공운송협회(IATA)는 2014년 글로벌 국제여객성장률 6.4%, 전체여객성장률 5.6%, 글로벌 국제화물 성장률을 4.0%로 전망하고 있다.",,
전통문화예술융합 중심의 남산골한옥마을 뮤지엄스케이프 전략 연구 = The Study of Museumscape Strategies for Namsangol Hanok Village focusing on Traditional Cultural Art Convergence,양연경,한국전시산업융합연구원,한국과학예술융합학회(The Korean Society of Science & Art),"Vol.36No.-[2018]
",2018,Korean,"뮤지엄스케이프,남산골한옥마을,스트리트 뮤지엄,문화예술융합,Museumscape,Namsangol Hanok Village,Street Museu,Cultural Art Convergence",,KCI등재,"학술저널
",,151-169,0.0,,, DBpia,,"남산골한옥마을은 전통문화와 예술이 융합된 통합브랜드로서 고유의 가치를 지닌다. 본 연구는 남산골한옥마을의 역사적 가치, 관광 자원의 가능성, 한류콘텐츠 세계화, 전통문화예술의 융합 등을 다양하게 연구하는 것을 목적으로 한다. 또한 남산골한옥마을의포지셔닝을 분석하여 창조관광의 실현과 ‘포스트 뮤지엄’의 가능성 연구에 두 번째 목적이 있다. 셋째, 남산골한옥마을과 주변 지역의 문화 콘텐츠들을 지역 클러스터로 연계하여 브랜드스케이프와 서비스스케이프가 융합 플랫폼으로 결합된 ‘뮤지엄스케이프’의 개념을 도출하여 한옥마을의 새로운 의미를 재발견한다.
최근 4개년간 남산골한옥마을은 세시풍속, 전통체험, 생활체험, 문화예술, 공연, 풍물시장, 연회 등의 프로그램을 기획 및 운영하면서 창조관광의 개념에 입각하여 한옥마을 방문자들이 적극적으로 탐색하고, 체험하며, 다양한 행사에 참여하도록 독려하고 있다. 한편 남산골한옥마을에 인접한 ‘스트리트뮤지엄’은 8개의 코스 뮤지엄으로 구성되어 있으며, 필동 거리 일대에 예술 문화 거리를 형성하는 독특한 문화다양성을연출한다. ‘스트리트뮤지엄’은 남산골한옥마을과 전시공간을 공유하면서 자연스럽게 지역 환경과 연결되는오픈 뮤지엄 방식의 문화예술 공간으로 대중들에게새로운 유형의 문화 콘텐츠 서비스를 제공한다. 이렇듯 남산골한옥마을과 ‘스트리트뮤지엄’은 지역 문화예술 클러스터를 형성함으로써 새로운 뮤지엄스케이프(Museumscape)를 창출하여 전통문화예술융합 기반의중심지가 될 수 있다.
결론적으로 남산골한옥마을 뮤지엄스케이프 전략은지역의 문화 자원을 효율적으로 연계하여 활용하는‘지속 가능한 공간으로서의 확장’이 가능하다. 둘째, 포스트 뮤지엄과 창조관광의 개념을 반영한 전통문화와 현대예술의 융합 플랫폼(Platform) 문화 클러스터로 발전할 수 있다. 셋째, 국내 한옥마을의 지역 브랜드스케이프 확산을 통해 클러스터형 혁신관광단지 구축이 가능하고, 창조적 스마트 시티 구축의 좋은 본보기와 미래 문화 지표가 될 수 있다. 이러한 전략은 추후 스마트 서비스가 연계된 뮤지엄스케이프 멤버쉽통합 서비스 구축도 가능할 것이다.","Namsangol Hanok Village is an integrated brand of traditional culture and art that has its own value. The purpose of this research is to study various aspects of the historical value of Namsangol Hanok Village, the potential of tourism resources, the globalization of hallyu contents, and the fusion of traditional culture and art. Also, the second goal is to analyze the location of Namsangol Hanok Village and study the feasibility of 'Post Museum' for creative tourism. Third, this study rediscovers new meaning of hanok village by linking cultural contents of Namsangol Hanok village and surrounding area to local cluster with combining into a converged platform between brandscape and servicescape.
Currently for the past four years, Namsangol Hanok Village encourages visitors to actively explore, experience, and participate in various events based on the concept of creative tourism while planning and operating programs such as seasonal customers, traditional experience, life experience, culture, arts, performances, traditional markets, and banquets. On the other hand, 'Street Museum', which is close to Namsangol Hanok Village, consists of eight course museums, which produce a unique cultural diversity that forms an art cultural street on the Pil-dong Street. Street Museum is an open museum-style cultural and art space that naturally connects with the local environment and provides a new type of cultural content service to the public with sharing exhibition space with Namsangol Hanok Village. Therefore, Namsangol Hanok Village and 'Street Museum' can create new museumscape by forming a regional cultural art cluster to become the center of traditional cultural art convergence.
In conclusion, the Namsan Hanok Village museumscape strategy can be expanded as a sustainable space by efficiently linking local cultural resources. Second, it can evolve into a cultural cluster that reflects the concept of Post Museum and creative tourism. Third, this can be a good example of creative smart city construction and a future cultural index through the expansion of local brandscape in Hanok Village. This strategy will also enable the establishment of a museumscape membership integrated with smart services in the future.",
온라인 여행 커뮤니티에서 이용자 관여도의 매개적 효과 연구,"박상철(Sang Cheol Park),정남호(Nam Ho Chung)",한국호텔외식관광경영학회,호텔경영학연구,"Vol.22No.1[2013]
",2013,Korean,"온라인 여행 커뮤니티,관여도,정교화 가능성 모델,온라인 마케팅,온라인 정보원의 신뢰성,online travel community,involvement,blaboration likelihood model,online marketing,online source credibility",,KCI등재,"학술저널
",http://www.kasha.or.kr,191-212,18.0,,," KCI, &nbsp;&nbsp; DBpia",,"인터넷 기술의 발전과 이용자의 수 급증은 관광산업에 상당한 변화를 불러왔다. 특히 소비자 측면에서 보면, 이러한 인터넷 기술의 사용은 단순 호기심을 넘어, 자신들의 삶에 있어 필요한 여행?관광 관련 활동에 있어 중요한 의사결정 지원도구가 되고 있다. 온라인 여행 커뮤니티의 현상을 보다 잘 이해하기 위해서는 무엇보다 온라인 이용자들이 어떠한 요인들로 인해 관심을 가지고 있고, 이러한 관심을 통해 커뮤니티 활동을 어떻게 하는지를 파악하는 것이 무엇보다 중요하다. 본 연구에서는 이를 실증적으로 검증하기 위하여 정교화 가능성 모델(Elaboration Likelihood Model: ELM)과 이용자 관여도 이론(User Involvement Theory)을 적용하여 연구모형을 설정하였다. 174명의 온라인 여행 커뮤니티 이용자를 대상으로 Smart PLS와 SPSS 18.0을 이용하여 실증분석을 하였다. 특히, Baron & Kenny(1985)와 Zhao et al.(2010)의 매개 효과 검증방법을 활용하여, 관여도의 매개 역할을 파악하고, 제안한 4개의 가설을 검증하였다. 두 가지 방법을 모두 병행하여 분석한 결과, 관여도가 정보의 품질/정보원의 신뢰성과 사용 의도/공유의도 간의 관계에서 모두 매개적 역할을 하는 것으로 나타났다. 이에 본 연구에서 제안한 가설들은 모두 지지되었다. 본 연구는 온라인 커뮤니티 관광정보 이용행동을 설득과정의 측면에서 ELM을 적용하여 설명하고, 이용자 관여도의 매개적 역할을 규명하였다는 점에서 그 학술적 시사점을 찾을 수 있다. 또한 온라인 커뮤니티 이용에 대한 종속변수를 사용의도와 공유의도로 구분하여 실증 분석하였다는 점에서 또 다른 학술적 시사점을 찾을 수 있다. 본 연구의 결과를 바탕으로 대상 고객의 세분화와 목표 고객 설정을 위한 마케팅 전략 수립에 도움이 될 것으로 판단된다.","The development of Internet technology and rapid increases in the number of Internet users brought about considerable changes in the tourism industry. From the consumer`s viewpoint, Internet technology becomes an important tool to support decision making in travel in their lives. In this study, to empirically verify the foregoing, the elaboration likelihood model (ELM) and the user involvement theory were applied to establish our research model. An empirical analysis of 174 online travel community users was conducted using Smart PLS and SPSS 18.0. In particular, we adopted Baron & Kenny (1985)`s mediated-regression approach as well as Zhao et al. (2010)s` mediation approach to examine a mediating role of the involvement in the relationships between information quality/the reliability of information sources and users` intention to use and share. Based on our results, all proposed research hypotheses are supported. That is, the results indicated that information quality and the reliability of information sources significantly affected users` intention to use and share online travel communities in accordance with the degree of involvement as a parameter. This study has several implications for research as well as practice. As for the implications for research, we attempt to employ ELM as a theoretical lens into our research model and also examine the mediating role of user involvement by using two different mediation analysis techniques. On a basis of our empirical findings, we expect that our results help those who manage online travel community sites to set up a detailed marketing plan for their targeted travellers.",
국제이벤트 참가자들의 행동의도 결정요인에 관한 연구 = 합리적 행동이론과 휴리스틱 이론의 접목을 중심으로,"박시원(Park, Si-won)",한국호텔외식관광경영학회,호텔경영학연구,"Vol.25No.7[2016]
",2016,Korean,"International Event,Theory of Reasoned Action,Heuristic Theory,Usefulness,Behavioral Intention,국제이벤트,합리적행동이론,휴리스틱이론,유용성,행동의도",,KCI등재,"학술저널
",http://www.kasha.or.kr,117-132,,,, DBpia,,"본 연구는 국제이벤트 참여자들의 행동의도 결정변수 중, 공급자측면이 아닌 소비자측면에서 접근하여 합리적 행동이론(TRA)과 휴리스틱이론을 접목하는 것을 목적으로 진행되었다. 더하여 두 이론은 정보와 관련되어 있으므로, 정보접근을 쉽게 해주는 스마트기기에 대한 참가자들의 유용성을 조절변수로 두어 이론적 깊이를 더하고자 하였다. 이에 본 연구는 최근 5년간 매년 1회 이상 국제이벤트를 방문한 집단을 대상으로 설문분석을 수행하였으며, 총 341개의 표본을 확보하여 실증분석에 활용하였다. 가설 1 검증결과 태도, 주관적 규범(합리적판단)과 휴리스틱(비합리적판단)은 국제이벤트 참가자들의 행동의도에 유의한 정(+)의 영향을 미치는 것으로 나타났으며, 이 중 휴리스틱의 영향력이 상대적으로 높게 나타나 가설 1은 채택되었다. 또한 가설 2 스마트기기 유용성의 조절효과를 살핀 결과, 회귀모형의 설명력 값이 상승하였고 그에 따른 F값 변화량이 유의하게 나타나 결과적으로 유용성변수의 조절적 유의함이 입증되어 가설 2가 채택되었다. 이와 같은 연구결과를 토대로 본 연구에서는 관광분야에서 두 이론을 접목하였다는 학술적 시사점과 휴리스틱 판단을 자극할 수 있는 마케팅 전략 수립이 효과적이라는 실무적 시사점을 제공하였으며, 향후 관광분야에서 소비자행동과 관련된 연구에 대한 제언을 하였다는데 그 의의가 있다.","The purpose of this study is to combine thee Theory of Reasoned Action (TRA) with ‘Heuristic Theory’, approaching on Decision Variable of Behavioral Intention of participants in an international event, by the consumer side rather than the supplier side. In addition, those two theories are related to information., so the participants’ usefulness for the smart devices, which provides easier access to information, is set as the Moderator Variable to deepen the contents of the theory. We conducted the analysis by distributing a questionnaire to a group having visited any international event more than once a year in the last 5 years. As a result, we acquired 341 samples and utilized them for the actual analysis. The hypothesis testing suggests that Attitude, Subjective norm (rational judgment) and Heuristic (irrational judgment) have a significant influence on the participants’ behavioral intention, among those the effect of Heuristic is relatively high. Also, we adopt both hypothesis 1 and 2, since the significance is verified, as a result of examining the regulation effect for usefulness of the smart devices. On the basis of those research results, this study suggests the academic implications of the integration of two theories in the tourism field/sector and the practical implications that creating the marketing strategy is effective to provoke Heuristic judgment. So we regard it as meaningful to provide the proposal for the following study.","Abstract
Ⅰ. 서론
Ⅱ. 선행연구 검토
Ⅲ. 연구설계
Ⅳ. 실증분석
Ⅴ. 결론
참고문헌
국문초록
"
박람회 참관객의 Big 5 성격특성과 조직지원이 박람회 만족도에 미치는 영향 = NFC 수용과 재미 가치의 매개적 역할을 중심으로,"정남호(Nam Ho Chung),한희정(Han Hee Jeong),이경전(Kyoung Jun Lee),전정호(Jung Ho Jun)",한국호텔외식관광경영학회,호텔경영학연구,"Vol.23No.3[2014]
",2014,Korean,"Near Field Communication NFC,Big Five Personality Traits,Experiential Value,Exhibition,Smart Tourism",,KCI등재,"학술저널
",http://www.kasha.or.kr,201-223,,,, DBpia,,"다양한 정보기술의 발전으로 스마트 시대가 왔다. 관광 분야에서도 이 시대적 흐름과 함께 스마트 정보기술을 다양하게 활용하고 있다. 특히 그 중 전시 컨벤션 분야에서는 참관객의 스마트 관람 경험을 형성하는 수단으로서 NFC (Near Field Communication)를 이용하기 시작하였다. 전시 컨벤션 분야에서 참관객의 경험은 무엇보다 중요하고, NFC와 같은 신기술의 사용은 사용자의 성격, 그 기술에 대한 전시회의 지원 등과 같은 요소에 의해서 참관객의 경험을 구축하게 된다. 하지만 기존 NFC에 대한 연구들은 이에 대한 설명이 부족한 편이다. 이에 본 연구는 경험 가치 이론과 Big 5 성격 특성이론으로 참관객이 NFC를 이용할 때, 참관객의 성격과 박람회 운영자 측의 NFC에 대한 지원이 참관객의 유희적 경험가치(재미 가치)를 거쳐 NFC 및 박람회 만족에 대한 영향을 살펴보았다. 이를 위해 NFC를 이용한 참관객 총 395명의 표본을 현장조사를 통해 수집하였으며, 실증적으로 분석했다. 연구 결과, 참관객의 성격 특성 중 개방성, 친화성, 성실성은 박람회 운영 조직의 지원과 함께 재미 가치를 매개로 NFC 만족에 영향을 미쳤고, 이 NFC 만족은 박람회 만족에 유의한 영향을 미치는 것으로 나타났다. 이상의 결과를 바탕으로 본 연구는 전시 컨벤션 분야에서 성격특성과 경험 가치를 반영해서 정보기술 이용 만족과 박람회 만족을 살펴보았다는데 그 이론적 시사점이 있으며, 실무적으로는 성격 특성을 다양하게 반영한 NFC 컨텐츠의 필요성과 조직 지원의 역할이 중요하다는 점 등을 제시하였다.","Helped by the accumulation of Information Technology (IT), the smart era is here. The tourism industry has been quick to become part of the new era using smart IT. In particular, the exhibition and convention industry has begun to use near field communication (NFC), which allows visitors to have the experience of a smart exhibition. The experiences of visitors are primary in these industry. The usage experience of new IT could be affected by visitors` personalities and by organizational support. However, there is relatively little research that has explored it. Thus, this study combined experiential value and big five personality theory, and empirically examined visitors` personalities and the organizational support for NFC, to test how these factors influence visitors` satisfaction with an exhibition through playfulness value and NFC satisfaction, when exhibition visitors used NFC. Through an onsite survey, this study collected 395 samples from those using NFC in an exhibition and analyzed the data. The study found that openness, agreeableness, conscientiousness, and the organizer`s support for NFC had an influence on NFC satisfaction. Additionally, this NFC satisfaction had a significant effect on exhibition satisfaction. Based on these results, the theoretical implication is that this study explains the visitors` NFC satisfaction and exhibition based on the experiential value and big five personality theory. The practical guidelines is that there is a need in NFC contents to reflect various visitors` personalities and the importance of organizational support.",
"J 항공 인스타그램의 정보품질이 태도, e-WOM, 재사용의도에 미치는 영향 : 정교화 가능성모델과 합리적행동이론을 활용하여 = Effect of information quality of J airline Instagram on attitude, e-WOM, and reuse intention using elaboration likelihood model and theory of reasoned action",고민환,한국호텔외식관광경영학회,호텔경영학연구,"Vol.29No.2[2020]
",2020,Korean,"Elaboration Likelihood Model,e-Word-Of-Mouth,Instagram,정교화 가능성 모델,e-WOM,인스타그램",,KCI등재,"학술저널
",http://www.kasha.or.kr,181-197,6.0,,, DBpia,,"본 연구의 목적은 J 항공사와 관련된 인스타그램 피드의 특징에 따라 태도, e-WOM, 재사용의도 의 미치는 영향관계를 정교화 가능성 모델과 합리적행동 이론을 통해 검증하고자 한다. 정교화 가능 성 모델을 바탕으로 인스타그램 정보의 신뢰성, 정확성, 적시성을 중심 루트로, 상호작용성, 즐거움을 주변 루트로 나누었다. 본 연구는 2019년 9월 12일부터 5일 동안 온라인을 통해 J 항공사 인스타그 램 피드를 본 경험이 있는 자를 상으로 실시되었다. 불성실한 설문과 누락된 설문을 제외하고 전체 231부를 분석을 위해 사용하였다. 본 연구는 SPSS 23.0과 SMART PLS(Ver.3)을 활용하여 빈도분석 과 PLS 기반 구조방정식 모델링 분석을 실시하였고, 분석 결과 인스타그램의 신뢰성, 정확성, 적시 성, 상호작용성, 즐거움은 태도에 유의미한 정(+)의 영향을 미치고, 태도와 주관적 규범은 e-WOM에 유의미한 정(+)의 영향을 미치며 이는 결과적으로 재사용의도에 유의미한 정(+)의 영향을 미치는 것 으로 검증되어, 모든 가설 H1~H8은 유의한 것으로 나타났다. 본 연구의 시사점으로는 첫째, 정교화 가능성 모델과 합리적행동 이론을 결합하였다는 것, 둘째, ICT의 발전과 함께 성장하고 있는 인스타 그램을 항공 관광분야에 적용시켰다는 것, 셋째, 항공사 인스타그램 정보품질을 중심 루트와 주변 루 트로 구분하였다는 것에서 의미를 가진다. 본 연구는 ICT, 스마트관광 분야에서 항공산업 관련자들에 게 고객의 심리와 관련한 유용한 정보를 제공하여 향후 마케팅 전략 수립을 위한 방안으로 제공될 것이다.","The purpose of this study is to verify the effect of J airline Instagram’s information quality on attitude, e-WOM, and reuse intention through the elaboration likelihood model and theory of reasoned action. Based on the elaboration likelihood model, the reliability, accuracy and newness of Instagram information were assigned as central routes, and interactivity and pleasure were assigned as peripheral routes. Frequency analysis and PLS-based structual equation modeling analysis were performed using SPSS 23.0 and SMART PLS (Ver. 3). The analysis showed that Instagram's reliability, accuracy, newness, interactivity and pleasure had a significantly positive effect on attitude, and that attitude and subjective norms have a significantly positive effect on e-WOM, which in turn has been proven to have a significantly positive effect on reuse intention. Therefore, all hypotheses were significant. The theoretical implications of this study were; 1) combining elaboration likelihood model and theory of reasoned action, 2) applying Instagram, which is growing with the development of ICT, to the aviation tourism sector, and 3) dividing the information quality of the airline Instagram into central and peripheral routes. Also, several practical implications regarding airlines’ Instagram and marketing are outlined in this study.",
안드로이드 측위 앱 개발 = Development of a Positioning Android App,"임재걸,전준리",사단법인 인문사회과학기술융합학회,예술인문사회융합멀티미디어논문지,"Vol.4No.2[2014]
",2014,Korean,"Android App,GPS,Smart phone,Mobile App,Tourist Guide,안드로이드 앱,GPS,스마트폰,모바일 응용,관광 가이드",,KCI등재후보,"학술저널
",,359-368,1.0,,," KCI, &nbsp;&nbsp; 스콜라",,"근래에는 스마트폰이 매우 널리 보급되어 거의 누구나 스마트폰을 이용한다. 그리고 스마트폰은 필수품이 되어 항상 휴대하고 다닌다. 근래에는 스마트폰의 계산능력과 기억용량이 현저하게 발달되어 다양한 응용프로그램을 실행할 수 있게 되었다. 나아가서 스마트폰에 상당히 정확한 GPS(Global Positioning System) 수신기가 장착되어 있다. 관광지에서 사용자의 위치를 고려하여 유용한 정보를 제공하면 관광객에게 큰 도움을 줄 수 있기 때문에, 본 연구는 안압지 내에서 사용자가 관심지점에 위치한 상황을 정확하게 판정하는 안드로이드 앱을 소개한다.","Nowadays, smart-phones are so widely spread that almost everybody has a smart-phone. A smart-phone is an absolute necessity and everybody carries one around all the time. As the computing power and memory capacity have been significantly improved, various applications are now available on smart phones. Furthermore, most smart phones are equipped with very accurate GPS (Global Positioning System) receivers. Tourists’ satisfaction can be significantly enhanced if location based useful information is provided to them. This paper introduces an Android app that 100% correctly recognizes a user’s position when the user locates at a point of interest in Anapji, a famous artificial pond in Gyeongju National Park.",
IoT-enabled Solutions for Tour Photography Services,"Jeong, Isu,Baek, Seungwoo,An, Eunsol,Kim, Yujin,Choi, Jiwoo,Yun, Jaeseok",한국컴퓨터정보학회,韓國컴퓨터情報學會論文誌(Journal of the Korea society of computer and information),"Vol.25No.5[2020]
",2020,Korean,,,KCI등재,"학술저널
",http://www.ksci.re.kr,127-135,,,, NDSL,,본 논문에서는 관광 서비스 산업 분야에서 소규모 투자와 최소한의 인력만으로 경제적/사회적/문화적 효과를 이끌어낼 수 있는 관광 사진 촬영 서비스를 제공하기 위한 IoT 기반 솔루션을 제안한다. 오픈 하드웨어 플랫폼과 국제 IoT 표준인 oneM2M 기반 소프트웨어 플랫폼을 활용하여 원격 제어가 가능한 IoT 카메라를 구현하고 이 과정에서 센서 및 액추에이터들을 oneM2M 표준 디바이스로 변환이 가능한 미들웨어를 개발하였다. 포토존에 설치된 IoT 카메라는 oneM2M 기반 게이트웨이에서 제공하는 웹앱 인터페이스를 통해 앵글 조절이 가능하고 촬영한 이미지를 사용자 스마트폰으로 전달할 수 있다. 관광지 밖에서도 사용자에게 부여된 식별자를 이용하여 동일한 방식으로 촬영했던 사진 다운로드가 가능하다. 본 연구에서 제안한 솔루션을 발판으로 복합 서비스 산업 중 하나인 관광 분야에서도 IoT 관련 기술들이 보다 활발히 적용되기를 기대한다.,"In this paper, we propose an IoT-enabled solution for tour photography services with small-size investment and resources in the travel and tourism industries, being able to impact on economic, social, and cultural values. An IoT-enabled camera is developed based on an open hardware and software platform complying with oneM2M, which can make traditional embedded systems oneM2M-compliant devices due to a middleware solution called TAS (thing adaptation software). IoT cameras deployed around photo zones in a tour site could be remotely controlled via an IoT gateway with a Web-based application on a smartphone. Users would perform a pan and tilt camera control if they want and then take and download a perfect photo picture (even though they are away from the tour site). We expect that the proposed solution will promote the deployment IoT-enabled technologies in tour and travel industries which are important parts of the tertiary sector.",
위치기반 서비스 및 증강현실을 이용한 유비쿼터스 박물관 (U-Seum)의 설계 및 구현 = A Design and Implementation of Ubiquitous Museum(U-Seum) Using Location Based Service and Augmented Reality,"이선호 ( Sunho Lee ), 이우식 ( Wooski Lee ), 김남기 ( Namgi Kim ), 전준철 ( Junchul Chun )",한국인터넷정보학회,인터넷정보학회논문지(Journal of Internet Computing and Services),"Vol.13No.4[2012]
",2012,Korean,"지역기반 서비스(Location-based Service), 모바일 증강현실(Mobile Augmented Reality), 스마트 공간(Smart Space), 유비쿼터스 박물관(Ubiquitous Museum(U-Seum))",4.0,KCI등재,"학술저널
",http://www.ksii.or.kr,63-71,11.0,,," NDSL, &nbsp;&nbsp; KISS",,"본 논문에서는 LBS(Location Based Service)와 모바일 증강현실 기술을 적용한 U-seum(유비쿼터스 박물관) 시스템의 설계 및 구현결과를 제시하였다. 유비쿼터스 환경의 스마트 공간에서의 모바일 서비스는 다양한 분야로 확장되고 있다. 본 연구에서는 LBS 기반의 Wi-Fi를 이용한 위치 추적기술과 모바일 증강현실 기술을 활용한 모바일 기반 박물관 관람 서비스인 U-seum을 설계 개발하였다. 위치추적에 널리 사용되는 GPS 기술은 송신자와 수신자 사이에 Line-of-Sight를 요구하기 때문에 박물관과 같은 실내에서는 사용하기 어렵다는 단점을 가지고 있다. 따라서 본 논문에서는 실내 위치추적에 적합한 Wi-Fi 신호의 세기를 이용한 거리를 측정을 적용하여 세계적인 유네스코 문화유산인 화성 박물관 내에서 실시간 체험형 관광 서비스를 개발하고 실제 필드에서 성능 테스트를 수행하였다. U-Seum은 박물관내에서 스마트폰 사용자가 특정 지점에 다다르면 AP를 통한 푸시 서비스를 통하여 박물관내 유물을 설명하는 모바일 증강현실 서비스, 게임 서비스 및 관광 통계정보 등을 제공한다. U-Seum은 화성문화재단의 협조를 받아 화성 박물관에서 실제 구현 실행되었으며 개발된 서비스의 우수성 및 확장성을 입증하였다.","This paper presents a design and implementation of U-Seum(Ubiquitous Museum) system based on the LBS(Location Based Service) and mobile augmented reality technique. The mobile services under the smart space of the ubiquitous environments have been expanded in the various fields. In this study, we introduce U-Seum which supports tourists in the museum. U-Seum is developed by use of the position tracking technique based on Wi-Fi and mobile augmented reality. The GPS which is widely used in the position tracking has a difficulty to be utilized in the inside of the building because it requires the Line-of-Sight between a sender and a receiver. Therefore, in this paper, we develop a realtime tour-supported service through experience and evaluate the performance of the system in the world famous UNESCO`s Hwa-Seong Museum by measuring the distance from the Wi-Fi signal which is suitable to track the position interior of the museum. U-Seum provides various push services such as mobile augmented reality service for explanation of the artifacts of the museum, game services and the statistics information of the tourist when the tourist approach a specific AP. U-Seum is developed in the Haw-Seong Museum by the support of the Swon Haw-Seong Cultural Foundation. With a field test, we prove that the excellence and expandability of the system.",
