제목,저자,발행기관,학술지명,권호사항,발행연도,작성언어,주제어,KDC,등재정보,자료형태,발행기관 URL,수록면,KCI 피인용횟수,비고,중단사유,제공처,소장기관,국문 초록 (Abstract),다국어 초록 (Multilingual Abstract),목차
전기 이륜자동차 분류기준 현황 : 자동차관리법 중심,정윤재,한국자동차공학회,한국자동차공학회 Workshop,"Vol.2011No.9[2011]
",2011,Korean,,556.0,,"학술저널
",http://www.ksae.org,1-14,,,, DBpia,,,,
자동차 사회의 환경과 에너지 문제 = 자동차 엔진 기술의 역사적 동향,김영길(Yong Kil Kim),한국자동차공학회,한국자동차공학회 학술대회 및 전시회,"Vol.2014No.11[2014]
",2014,Korean,"Internal Combustion Engine(내연기관),Energy (에너지),Environment(환경),Pollution(오염물질)",,,"학술저널
",,1477-1477,,,, DBpia,,,,
수소 연료전지 자동차의 충돌 및 화재안전성 관련 연구동향 = Trends on Crash and Fire Safety Research of Hydrogen Fuel Cell Vehicles,"임재문(Jae Moon Lim),장형진(Hyung Jin Chang),김규현(Gyuhyun Kim)",한국자동차공학회,한국자동차공학회 춘 추계 학술대회 논문집,"Vol.-No.-[2008]
",2008,Korean,"Hydrogen Fuel Cell Vehicle(수소 연료전지 자동차),Crash Safety(충돌안전성),Fire Safety(화재안전성),Global Technical Regulation(세계기술기준),Electrical Shock(전기충격),Flammability(인화성)",,,"학술저널
",http://www.ksae.org,1253-1258,,,, DBpia,,"환경문제에 따른 배기가스 배출저감 및 자원고갈에 따른 대안으로 향후 수소 연료전지 자동차의 본격적인 시장진입이 예상되고 있다.
  자동차 제작사 및 세계 각국의 정부 등은 수소 연료 전지 자동차가 기존의 내연기관 자동차와 동등 이상의 안전성을 확보할 수 있는 부품기술, 자동차 제작기술 및 이와 관련된 안전기준을 개발하기 위하여 많은 노력을 기울이고 있다.
  독일과 미국은 이미 수소 연료전지 자동차에 관한 안전기준을 제정한 일본과 협력하여 세계기술기준(GTR)을 제정하고자 시도하고 있으며, 우리나라도 이러한 주변 상황에 대응하기 위하여 수소ㆍ연료전지 자동차의 안전성 평가기술 개발에 관한 5개년 연구 과제를 2007년말부터 착수하였다. 이 연구는 수소 연료전지 자동차에 관한 제도 및 정책 연구, 수소 안전성 기술, 수소 연료전지 자동차 운행 안전성 기술 및 전기 안전성 기술에 관한 연구를 망라하고 있으며, 안전기준 및 안전성 평가기술을 개발하여 수소 연료전지 자동차관리정책에 반영하는 것을 목표로 하고 있다.
  수소 연료전지 자동차 및 수소저장탱크를 포함한 연료시스템의 충돌 및 화재안전성에 관한 평가방법 및 안전기준 등을 도출하기 위해서는 정면/측면/후면충돌 및 전복 등과 같은 다양한 환경에서 실차시험을 수행하고, 이로부터 도출된 실제 결과를 반영하여야 할 것이지만, 수소 연료전지 자동차를 제작하는 비용이 매우 고가이므로 충돌시험으로부터 구할 수 있는 실제 데이터는 상대적으로 많은 제한이 있을 것으로 예상되고 있다. 이러한 점을 극복할 수 있도록 충분한 검토가 이루어져야 하며, 이에 따른 방안도 수립될 수 있어야 할 것으로 판단된다.","The researches on the crash and the fire safety of hydrogen fuel cell vehicles (HFCV) have been progressing worldwide. Japan has already established and adopted a regulation to evaluate the performance of a HFCV. The National Highway Traffic Safety Administration (NHTSA) of the U.S. has been leading the hydrogen safety research program since 2004. The SAE FCV Safety Working Group has been addressing fuel cell vehicle (FCV) safety for over 8 years. The recommended practice for general fuel cell vehicle safety (SAE J2578) was published in 2002. The SAE Working Group is now developing a new recommended practice on vehicular hydrogen systems (SAE J2579). To develop a global technical regulation (GTR) concerning hydrogen/fuel cell vehicles, Germany, Japan and the U.S. submitted the proposal to United Nations World Forum for the Harmonization of Vehicle Regulations. Korea has started the research program on the development of safety evaluation techniques for hydrogen fuel cell vehicles in 2007. This paper explores research issues related to the crash and fire safety of HFCV.","Abstract
1. 서론
2. 수소의 특성
3. 충돌 및 화재안전성 관련 연구 동향
4. 고찰
5. 요약
후기
References
"
차세대 자동차 개발의 Plastic Hood 설계 및 CAE해석 = Plastic Hood layout of next generation car development and CAE(Computer Aided Engineering) analysis,"황태원(Taewon Hwang),최치훈(Chihoon Choi),박상선(Sangsun Park),유경민(Kyungmin You),이석우(Seokwoo Lee),우창진(Changjin Woo),한종헌(Jonghun Han),고태완(Thaewan Ko)",한국자동차공학회,한국자동차공학회 춘 추계 학술대회 논문집,"Vol.-No.-[2006]
",2006,Korean,"HOOD(본넷트),Distance(이동량),LS-DYNA(구조해석),MOLDFLOW(유동해석),Bending(휨),Torsion(뒤틀림),Glass-Fiber(유리섬유),Injection Screw(사출 스크류)",,,"학술저널
",http://www.ksae.org,2032-2032,,,, DBpia,,"현재 생활 필수품 중의 하나인 자동차논 많은 변화를 보이고 있다. 발전사를 살펴보면 무동력 자동차를 시작으로 화력 자동차 중기 자동차 디젤 자동차로 현재는 태양열 자동차, 에어원료 자동차 등도 개발하고 있는 상태로, 내부의 기계적인 발전이 이루어져 있으며, 현재는 차체의 소재 개발 및 구조적인 면을 보강하여 차체의 질적 향상에 따른 원가 절감, 중량 절감, 설비 감소 등을 사출 기술을 이용하여 산업에 다변화를 꽤하는 사업이 진행 중 이다.
  본 발표 내용은 자동차 기술개발 사업에 일환으로 현대기아 자동차와 함께 진행하고 있으며 발표의 내용은 기존 차량의 Steel Hood 대비에 따른 Hood Plastic화를 목표로 하며 현재 금형 및 Sample를 제작한 단계이다.
  구조 강성해석에서 Modeling Prepost는 Hyper Work 7.0을 사용, 구조해석에 사용한 Solver는 LS-DYNA를 사용하였으며, 유동해석은 MOLDFLOW Solver을 사용하였다. 연구 진행 중인 Hood는 OTR PNL을 포함한 Hood Full Model로 해석을 진행 그에 따른 결과는 Steel 대비에 가까운 값을 가졌으며, 사출 적용에 따른 Model 변경 해석결과 기존 해석에 비해 높은 값을 가진 것은 Rib의 구조적 인 면이 크게 작용한 것이라 샤료된다.",,
자동차 산업의 역사와 급변하는 기술에 대응한 교육의 바람직한 방향에 관한 연구 = History of Automobile Industry and Future Direction of Best Education System for Rapid Technological Change of Automobile Industry,황경수(Kyungsoo Whang),한국자동차공학회,한국자동차공학회 Workshop,"Vol.2001No.-[2001]
",2001,Korean,,,,"학술저널
",http://www.ksae.org,70-80,,,, DBpia,,"오늘날 급속히 변화하고 있는 자동차 기술에 대응한 자동차 기술교육의 방법을 모색하여 대학을 졸업한 학생들의 현장 적응 능력을 높이고, 교육기관의 위상을 정립하고자 하는데 본 연구의 목적이 있다. 자동차의 기술은 일반제품 들과 달라서 사람의 생명을 담보로 하고 있기 때문에 그 정밀도와 신뢰도는 절대적이어야 한다. 특히 현재와 같은 초고속 다변화의 자동차 기술은 기계공학의 한계를 넘어 인공위성을 통한 정보의 교류와 인공지능, 신소재의 급속한 발달로 제한된 기간에 완성해야하는 대학교육을 통한 기술전수에 한계가 있었고, 이에 대비한 자동차기술교육방향의 확립은 시급한 시점에 왔다 할 것이다. 본 논문에서는 현재까지의 우리나라 자동차기술교육의 역사와 급격한 기술변화에 따른 보완 및 개선점, 현재 붐을 이루고 있는 민간자동차자격제도와 미국자동차정비사자격시험(ASE)시행에 대하여 기술하였다.",,"초록<br/>
1.서론<br/>
2.국내 자동차기술교육의 역사<br/>
3.민간자동차자격제도와 미국자동차정비사자격시험(ASE)<br/>
4.결론<br/>
참고문헌"
무인 자율주행을 위한 전기자동차 플랫폼 및 경로계획 알고리즘 개발,"김인엽(Inyup Kim),양관석(Kwansuk Yang),윤준상(Junsang Yun),황성호(Sungho Hwang)",한국자동차공학회,한국자동차공학회 부문종합 학술대회,"Vol.2013No.5[2013]
",2013,Korean,"Autonomous vehicle(자율주행 자동차),Vision sensor(카메라센서),Laser scanner(레이저스캐너),Lane detection(차선검출),GPS(위치파악 시스템)",,,"학술저널
",,1772-1775,,,, DBpia,,"미래형 자동차 기술개발의 목표는 운전자의 안전과 편의성을 극대화 하는 지능형 자동차 기술과 저탄소, 고연비의 조건을 만족시키는 친 환경 기술에 집중되고 있다. 이러한 목표는 궁극적으로 친환경과 지능형을 만족하는 무인 전기자동차가 될 것이다.
  무인 자율주행을 위해서 카메라나 Laser Scanner, Radar, GPS등의 센서 정보를 이용하여 차량 주변상황을 감지하여 경로를 생성하고 사람의 조작을 대신하는 각종 액추에이터를 이용하여 자동차가 이동하고자하는 목표 지점까지 안전하게 운행할 수 있어야 한다. 세계 각국에서는 이러한 기술을 선점하기 위해 대회나 프로젝트를 통해 많은 비용과 노력을 기울이고 있으며 신뢰성과 탑재비용을 만족하는 기술들은 이미 각 자동차회사마다 ADAS(Advanced Driving System)라는 이름으로 차량에 탑재하여 상용화 되고 있다.
  이에 본 논문에서는 친 환경 자동차인 전기자동차 플랫폼을 개발하였고 이를 활용하여 무인 자율주행 알고리즘을 연구하였다. 무인 자율주행을 위한 각종 액추에이터와 VCU를 구성하였으며 카메라를 이용하여 실시간으로 차선을 검출하는 Lane detection system, GPS와 AHRS센서를 이용한 이동경로 계획, Laser Scanner를 이용한 장애물 검출 알고리즘을 개발하였다. 이를 통해 미래형 자동차인 친환경, 지능형 자동차 개발 방법을 제안하고자 한다.",,"Abstract
1. 서론
2. 자율주행을 위한 전기차 플랫폼 개발
3. 자율주행 알고리즘 개발
4. 결론
References
"
홍익 하이브리드 자동차 소개,홍익 자동차 디자인 팀(Hong-Ik Vehicle Design Team),한국자동차공학회,한국자동차공학회 춘 추계 학술대회 논문집,"Vol.-No.-[1993]
",1993,Korean,,,,"학술저널
",http://www.ksae.org,601-606,,,, DBpia,,"날로 심각해지는 공기오염과 화석연료의 한계성에 비추어 볼때 전기자동차의 개발은 필연적이다. 하지만 전기자동차의 실용화에는 배터리의 성능 등 많은 문제점이 있는것으로알려지고있다. 하이브리드 자동차는 전기자동차의 이러한 결점을 보완하기 위하여 현 내연기관 자동차의 장점을 그대로 유지한, 두 자동차 사이에서 징검다리의 역할을 하는 자동차이다. 좀 더 정확하게 말하면 전기자동차의 배터리와 모터 그리고 기존의 자동차에 쓰이는 내연기관을 효가적으로 결합함여 만든 자동차이다. 본 논문의 내용은 홍익 하이브리드 자동차의 개발구상에 대하여 언급하고. 구동원, 차체, 현가장치, 그리고 모터부문에 대한 특징 및 제작과정을 담고있다. 마지막으로 차량제작에 적용되어진 컴퓨터를 이용한 해석내용을 담고 있다.","The inevitable emergence of electric-powered vehicle is the most significant impact upon the automotive world in decades. However, the limitations to current developed electric vehicle, such as poor performance, limited range, heavy weight, and recharging, invoke to consider new type of vehicles with both electric-power and gasoline engine simultaneously, so-called hybrid vehicles. Hybrid vehicles are believed to be the optimal selection for bringing the electric car on the road in the near future at reasonable cost. The concept of Hong-Ik hybrid vehicle is introduced. Fabrication and characteristics of HHV's powertrain, body and suspension are explained. CAE resuls are followed.<br/>
","Abstract<br/>
초록<br/>
1. 서론<br/>
2. 본론<br/>
3. 결론<br/>
참고문헌"
유니소재 및 공법을 적용한 자동차 크래쉬패드 개발,"곽성복,윤성현,이재용,권승용,김재홍,남병국,김유용,윤주호",한국자동차공학회,한국자동차공학회 학술대회 및 전시회,"Vol.2012No.11[2012]
",2012,Korean,"Uni-Material(유니소재),Crash Pad(크래쉬 패드),Door Trim(도어 트림),Micro Cell(경량미세발포),One-piece Molding Process(일체성형)",,,"학술저널
",,2165-2170,,,, DBpia,,"세계 각국은 지역별로 새로운 자동차 배기가스 배출량 및 CO2 배출에 대한 규제와 연비에 대한 새로운 목표를 설정함으로써 자동차 경량화에 대한 의지를 강력하게 표명하고 있다. 한국(지식경제부)에서도 자동차 연비 개선에 대한 새로운 방향 및 가이드 라인을 2009년 6월 제시하였으며, 향후 5년간 약 1,500억원의 연구개발비를 투입하여 매년 자동차 연비를 5%씩 개선하겠다는 계획을 마련하였다. 2015년 세계 각국의 자동차 평균 연비를 예상할 때, 일본 16.8km/liter, 유럽 연합 18.1km/liter, 미국 16.6km/liter, 중국 17.9km/liter 등으로 향후 국산 자동차 경량화를 통한 연비 개선 및 배기가스 배출량 감소는 시급히 추진되어야 할 상황이다. 이러한 세계적인 변화 양상은 자동차관련 업체로 하여금 소재 경량화 이외에도 재료의 일체감을 형성하고, 재활용 비율을 높이기 위하여 소재의 통합화(Consolidation)를 이루고, 부품 제조 공정 단순화를 통하여 이산화탄소 발생을 저감시키는 친환경 개발도 유도하고 있다. 따라서 본 과제를 통하여 지금 세계적으로 활성화되고 있는 경량화, 친환경성, 공정축소를 통한 생산성 향상에 가장 적합한 기술개발로 Cockpit Module 부품 및 Door Trim의 신소재(경량화 Module, Thermoplastic)화, 생산기술(중량 및 부품 수 감소)향상, 부가기능(안정성·소음·강도·해석 등)에 대한 복합적인 연구로 세계적인 자동차 내장부품 선두업체로서의 기술개발에 대한 심도 있는 연구 사례가 될 수 있도록 할 계획이다.",,"Abstract
1. 기술 개요
2. 2장 핵심 기술
3. 국내외 기술현황
4. 파급효과 및 결론
References
"
상용자동차 자동차안정성제어장치(ESC) 성능평가 방법에 대한 비교 연구,"김성섭(SungSub Kim),임재환(JaeHwan Lim),전영돈(YoungDon Jeon),강병도(ByungDo Kang)",한국자동차공학회,한국자동차공학회 부문종합 학술대회,"Vol.2013No.5[2013]
",2013,Korean,"Heavy Vehicle(상용자동차),Handling Performance(조종안정성),FMVSS(주요용어),UNECE(유럽경제위원회),ESC(자동차안정성제어장치),Directional Control(방향성 제어),Rollover Control(롤전복 제어)",,,"학술저널
",,2188-2194,,,, DBpia,,"자동차의 사고예방을 위한 능동안전장치 보급에 발맞추어, 사고회피를 위한 자동차안정성제어장치가 승용자동차를 대상으로 의무적 장착이 세계적으로 확대되고 있다. 자동차의 제동장치 및 동력전달장치가 다양하여 개발 보급이 다소 늦은 상용자동차에 대해서도 제조사의 개발 및 평가가 활발하게 진행되고 있으며, 세계적으로 평가방법 및 기준에 대한 도입의 움직임이 나타나고 있으나, 국내 시험환경 및 성능평가 방법에 대한 연구는 부족한 실정이다. 전세계적으로 상용자동차의 조종안정성에 대한 다양한 평가방법이 알려져 있으나, 상용자동차의 특징과 방향성 제어능력과 롤전복 제어능력 평가를 위한 거동을 잘 나타내는 조향입력에 대한 비교연구는 부족한 실정이다. 이 논문에서는 국내외 상용자동차 자동차안정성제어장치 평가와 관련한 시험방법에 대한 조사와 함께, 해외 상용자동차용 ESC의 건조노면 작동조건 확인 시험 및 방향성 제어능력과 롤전복 제어능력 평가에 효과적인 시험방법을 선정하기 위한 사전연구로서, 자동차안정성제어장치의 성능평가를 위한 주요 시험방법에 대한 비교와 함께 예비시험을 통하여 상용자동차 대표적 특성인 롤전복 제어 거동 경향을 확인하였다.",,"Abstract
1. 서론
2. 자동차안정성제어장치 정의
3. 상용자동차안정성제어장치 기준 고찰
4. 시험실시 및 결과분석
5. 결론
References
"
전기 자동차의 에너지 시뮬레이션을 통한 Driving Range 향상을 위한 민감도 분석에 관한 연구,"조재훈(Jaehoon Cho),최진호(Jinho Choi)",한국자동차공학회,한국자동차공학회 학술대회 및 전시회,"Vol.2010No.11[2010]
",2010,Korean,"Battery Electric Vehicle (BEV),Unified Model (UM),Sensitivity Analysis (민감도 분석),Accessory Power Module (APM),Power Inverter Module (PIM),Energy Storage Box (ESB)",,,"학술저널
",,3029-3034,,,, DBpia,,"전기자동차란 자동차의 구동 에너지를 기존의 자동차와 같이 화석 연료의 연소로부터가 아닌 전기에너지로부터 동력을 얻는 자동차이다. 배터리에 축적된 전기로 모터를 회전시켜서 자동차를 구동시키는 전기자동차는 1873년 가솔린 자동차보다 먼저 제작되었으나, 배터리의 무거운 중량, 충전에 걸리는 시간 등의 문제 때문에 실용화되지 못하다가 환경문제가 최근 심각해지면서 1990년대부터 다시 관심을 가지며 개발되기 시작하였다. 현대의 전기자동차 기술은 배터리기술의 발전과 함께 발전하고 있으며, 가장 큰 이슈 중의 하나는 배터리를 한번 충전하여 얼마나 멀리 갈수 있느냐 하는 것이다. 본 논문은 이와 같은 배터리 전기자동차의 Driving Range 향상을 위하여 에너지 효율 분석 및 민감도 분석을 다룬다. 이를 위하여 본 논문에서는 우선 에너지 효율 분석을 위한 시뮬레이션 모델을 (BEV Unified Model) 구성하였고, 구성된 Simulation 모델을 바탕으로 Driving Range 향상을 위한 해석 및 민감도 분석을 경소형 배터리 전기자동차에 적용하였다.","An Electric vehicle (EV) uses the accumulated electric power in the battery to drive, which is the main difference from the conventional vehicle using the fossil fuel. The first electric vehicle was developed in 1873 before the gasoline car. But the vehicle was not commercialized due to the heavy weight and performance of the battery including long time to charge. Since the 1990s, EVs have extensively being re-developed with the increased concern over the environmental issues with petroleum. The modern electric vehicles have being developed with the enhancement of battery technology. One of the key issues for these EVs is how to increase the driving range and how to reduce the time to re-charge. This paper focus on a study on sensitivity analysis for improving the driving range based on energy simulation of a battery electrical vehicle (BEV). For the study, we made up the BEV energy simulation model using Unified Model (GM internal energy simulation codes) and implemented the driving range and performance simulation using the model. The sensitivity analysis is performed to find the dominant and efficient enablers for improving the driving range of a battery electrical vehicle.","Abstract
1. 서론
2. 전기자동차 모델링
3. 시뮬레이션 결과 및 분석
4. 결론
References
"
[초청강연Ⅱ] 차세대 자동차를 위한 차체 경량화 기술 = Technology of Light Weight Vehicle for Next Generation Automobile,박영환(Young Whan Park),한국자동차공학회,한국자동차공학회 지부 학술대회 논문집,"Vol.2018No.11[2018]
",2018,Korean,"Light Weight Vehicle(경량 자동차),Multi-Material Car body(다종소재 차체),Mechani cal Joining(기계적 접합),Hybrid Joining(복합 접합)",,,"학술저널
",http://www.ksae.org,54-83,,,, DBpia,,"전세계적 환경오염에 대한 관심이 많아 지고 있으며, 이에 대하여 각국은 차량의 배기가스를 최소화 하기위한 다양한 규제들이 강화되고 있다. 이에 따라 하이브리드 자동차, 전기 자동차, 연료전지 자동차에 대한 공급이 진행되고 있으며, 이것은 새로운 자동차의 수요를 창출하고 있다. 이러한 자동차에 있어서 차체 경량화는 자동차의 고효율화를 위해 반드시 필요하다. 경량화 10%를 달성할 때 연비의 3.8% 향상 제동 거리의 단축, 배기가스 감축의 효과가 있으며 경량화를위한 전략으로는 알루미늄과 마그네슘과 같은 경량 금속의 채택, CFRP 와 같은 소재의 적용이 대표적인 예이다. 이러한 다종의 소재를 적용하는 방식을 Multi-Material 으로 표현되며, 많은 자동차회사에서 이를 적용하여 차체를 제작하거나 준비중에 있다.
  이러한 차체의 제작에 있어서 반드시 필요한 것 중에 하나는 자체의 접합 기술이다. 기존의 단일 소재를 용접하는 방법에서 이종소재의 접합과 용접이 채택될 수 밖에 없으며, 소재적 특성으로 인하여 용접이 불가능한 현상도 발생한다. 이를 극복할 수 있는 방법 중에 하나가 기계적 체결(mechanical joining) 방식의 예를 들 수 있다. 그러므로 본 연구에서는 기계적 접합 공정 중 Clinching, Self Piercing Riveting, Flow Drilling Screw (FDS), Friction Stir Spot Welding 공정을 소개하고, 각 프로세스의 원리, 장점 및 단점에 대하여 분석하고자 한다. 그리고 내구성 강화를 위하여 접착제를 활용한 용접본드와 기계적 접합을 동시에 적용한 하이브리드 접합법에 대한 내용 및 결과를 분석하고자 한다. 이를 통해 향후 국내 자동차 산업의 차세대 자동차에 맞는 차체 생산 기술 및 접합 기술에 대한 동향을 공유하고자 한다.",,
복합진동시험기를 이용한 자동차부품의 성능평가 기술 = Performance Evaluation Technology for Automotive parts using the Environment Vibration Tester,"박태근(Taekeun Park),조원용(WonYong Cho),조철용(Chulyong Cho),심기중(Kijoung Sim),최규재(Gyoojae Choi),유경현(Kyunghyun Ryu)",한국자동차공학회,한국자동차공학회 지부 학술대회 논문집,"Vol.2008No.11[2008]
",2008,Korean,"Durability(내구성),Automotive Parts(자동차부품),Vibration(진동),Environmental Vibration Tester(복합진동시험기),Performance Evaluation Technology(성능평가기술)",556.0,,"학술저널
",http://www.ksae.org,19-23,,,, DBpia,,"자동차부품의 내구성능은 중요한 성능 중의 하나로 세계 최고수준의 자동차를 만들기 위해서는 반드시 확보해야 할 기술이다.
국산 자동차에 대한 초기품질은 세계 최고 수준에 이르고 있지만, 내구성능은 최하위권에 머무르고 있는 실정이어서 이에 대한 대책 마련이 시급하다. 또한 섀시부품 및 모듈의 내구성능 향상은 자동차 전체의 내구성능 향상을 위해 필수적인 요소라 할 수 있다.
국내 자동차의 내구성능을 향상시키기 위해서는 내구성능에 대한 객관적인 평가기준과 이를 수행할 수 있는 시험기 및 인적자원이 절실히 필요하다.
본 고에서는 자동차 부품 및 모듈의 내구성능향상을 위한 평가 과정과 함께 부품 내구성능 평가장비 및 다년간의 경험 있는 전문인력을 보유하고 관련 부품의 내구성능을 평가하고 있는 군산대학교 자동차부품기술혁신센터(KATIC)의 시험평가장비 및 사례를 기술하였다. 다양한 제품의 성능을 평가하기 위해 시험기 및 시험부자재를 활용하여 시험시스템 구축에 도움이 되도록 할 예정이며, 유사제품 평가에 있어 자동차 부품 내구성능평가 방법과 관련 장비들은 향후 자동차부품 및 일반기계부품 개발업체에서 잘 활용할 수 있을 것이다.","Durability of automotive parts is one of the most important factors for the vehicle performance. Vibration in the vehicle cause automotive parts failure such as short circuit, crack, loosened bolt tightening. So the evaluation of vibration property is increased in recent year. But there isn’t still the objective and standardized technology development in domestic, and moreover the requirements of the car makers and customers are more diversity. Enhancement of durability have become the necessary conditions for an automotive parts, and the durability performances under vibration have treated as the top priority. In this paper, we describe the evaluation technology for durability of automotive parts by using the environment vibration tester, which is installed and operated by Kunsan Automotive Technical innovation center.","Abstract
1. 서론
2. 복합진동 시험기 적용사례
3. 요약
References"
자동차부품 6축 진동 내구시험 평가기술 = 6 Axis Vibration Durability Test Technology for Automotive Components,"이지선(Jisun Lee),김환(Hwan Kim),강인묵(inmook kang),조쳘용(Chulyong Cho),최규재(Gyoojae Choi)",한국자동차공학회,한국자동차공학회 지부 학술대회 논문집,"Vol.-No.-[2007]
",2007,Korean,"6 Axis Vibration durability test(6축 진동 내구시험),automotive components(자동차 부품),test equipment(시험장비),MAST(Multi-Axis Simulation Table)",,,"학술저널
",http://www.ksae.org,15-21,,,, DBpia,,"자동차부품의 내구성능은 중요한 성능 중의 하나로 세계 최고수준의 자동차를 만들기 위해서는 반드시 확보해야 할 기술이다.
  국산 자동차에 대한 초기품질은 세계 최고 수준에 이르고 있지만, 내구성능은 최하위권에 머무르고 있는 실정이어서 이에 대한 대책 마련이 시급하다. 또한 세시부품 및 모듈의 내구성능 향상은 자동차 전체의 내구성능 향상을 위해 필수적인 요소라 할 수 있다.
  본 고에서는 자동차 부품 및 모듈의 내구성능 향상을 위한 평가 과정과 함께 부품 내구성능 평가장비를 보유하고 관련 부품의 내구성능을 평가하고 있는 군산대학교 자동차부품기술혁신센터(KATIC)의 시험평가장비 및 사례를 기술하였다. 자동차 부품 내구성능평가 방법과 관련 장비들은 향후 자동차부품 및 일반기계부품 개발업체에서 잘 활용할 수 있을 것이다.","In this article, 6 Axis Vibration durability test technology for automotive components is presented. Test equipments and procedures which used in Kunsan National University Automotive Technology Innovation Center(KATIC) are introduced. High fidelity and high performance testing systems, for examples, chassis corner module road simulator, multi-axis simulation table, linear and rotary actuator, etc., are equiped in the center. Especially MAST for 6 Axis vibration durability test is introduced. MAST test procedure and examples is presented.","Abstract
1. 서론
2. 자동차부품 6축 진동내구시험평가
3. 6축가진내구시험기 시험사례
4. 요약
References
"
자동차 산업은 '90년대 한국경제를 주도할 수 있을까,남충우,한국자동차공학회,한국자동차공학회 학술강연초록집,"Vol.-No.-[1989]
",1989,Korean,,556.0,,"학술저널
",http://www.ksae.org,5-22,,,, DBpia,,,,"1.자동차업계의 최근동향
2.자동차산업의 중요성과 성장전망
3.우리나라 자동차산업의 현주소
4.'90년대 자동차산업의 도전과 대응방안
5.자동차기업인!근로자여러분!우리 손잡고 한국자동차 산업을 아끼고 키워나갑시다!
자동차기업인 여러분!
근로자여러분!
자동차공업인. 자동차근로자 여러분!"
하이브리드 자동차의 충돌안전성 기준에 관한 고찰 = Consideration on the Crash Safety Regulations of the Hybrid Electric Vehicle,"임재문(Jae Moon Lim),석주식(Jusik Suk),김규현(Gyuhyun Kim)",한국자동차공학회,한국자동차공학회 춘 추계 학술대회 논문집,"Vol.-No.-[2007]
",2007,Korean,"Hybrid Electric Vehicle(하이브리드 자동차),Fuel Cell Electric Vehicle(연료전지 자동차),Electrolyte Spillage(전해액 누출),Battery Retention(배터리 고정성),Electric Isolation(전기적 절연)",,,"학술저널
",http://www.ksae.org,1507-1511,,,, DBpia,,,"Sales of Hybrid Electric Vehicles (HEV) have increased in recent years, especially in the USA. The HEV is expected to play an important role for realizing the Electric Vehicle (EV) in the long run. USA, Europe and Japan are prepared the motor vehicle safety standards about the HEV using the safety standard for the EV or Fuel Cell Electric Vehicle (FCEV). The vehicle safety regulations of USA, Europe and Japan are reviewed for the occupant protection under the various crash environment. This study will be reflected for the establishment on the Korean motor vehicle safety standard for the HEV.","Abstract
1. 서론
2. 하이브리드 자동차 현황과 전망
3. 각국의 하이브리드 자동차 충돌안전성에 관한 안전기준 현황
4. 하이브리드 자동차 충돌안전성
5. 하이브리드 자동차 배터리 장착 추세에 따른 충돌안전성 고찰
6. 결론 및 향후 연구과제
후기
References
"
친환경 자동차 정부 R&D 투자전략,김동근(Dong-Guen Kim),한국자동차공학회,한국자동차공학회 학술대회 및 전시회,"Vol.2010No.11[2010]
",2010,Korean,"Government R&amp,D (정부 R&amp,D),R&amp,D Investment Strategy (R&amp,D 투자 전략),Greencar (친환경 자동차),Electric vehicle (전기자동차),Clean diesel car (클린 디젤 자동차)",,,"학술저널
",,3056-3059,,,, DBpia,,,"In these days, strict environmental regulations are enforced in major countries to lowering greenhouse gas. Major auto-producing countries invest national research and development budget on greencar technology, such as clean diesel engine, hybrid electric vehicle, and electric vehicle. The Korean government selected greencar technology as key technology in many plans and programs. Because The Korean government will invest amount of research and development budget to develop the technology of greencar, the study about the strategy of government investment is needed. In this study, the investment amount of government divisions for greencar in past years and annual national budget policy of NSTC(National Science and Technology Council) in next year about greencar are investigated. Then, the investment strategy of the Korean government to greencar technology is researched. With the consideration of technology level, marketability and development capability, investment on base technology of electric car and infrastructure construction for electric charging of electric car","Abstract
1. 서론
2. 친환경 자동차 분야 정부 R&D 투자 현황
3. 2011년 친환경 자동차 분야 정부 R&D 예산 배분방향
4. 향후 정부 R&D 친환경 자동차 투자전략
5. 결론
References
"
국내 윤활유 산업현황과 자동차용 엔진오일 개발추이,김재수,한국자동차공학회,한국자동차공학회 학술강연초록집,"Vol.-No.-[1990]
",1990,Korean,,556.0,,"학술저널
",http://www.ksae.org,31-34,,,, DBpia,,"하루가 다르게 변모하는 과학기술의 발달과,경제수준의 향상, 소비자의 욕구 다양화 등에 따라, 엔진을 포함한 자동차 관련기술도 끊임없이 변화, 발전되고 있다.
차체 및 엔진 디자인의 계속적인 변화와, 엔진의 고출력화, 연비향상 및 공해방지 대책등을 추진하는 과정에서 절연적으로 파생되는 가흑한(엔진의)요고조건에 부합하기 위하여, 현재의 자동차용 엔진오일은 더욱더 흑십에지는 고온, 고압 조건하에서도 충분히 견디어야 합온몰론, 엔진보호 성능은 더욱 우수해져야 하고 동시에 수명연장 및 연료절약성이 향상되어질것이 요구되고 있다.
이에 부응하기 위하여, 세계의 여러 자동차기술 선진국들은 물론 국내에서도 자동차 제조업체와 윤활유 관련업체물이 상기의 당면과제들을 개선하고자 연구, 개발을 계속하고 있따.
본 편에서는 자동차용 엔진 오일에 관련된 간단한 지식물과 엔진 오일 개발의 세계적인 추세 및 국내 윤활유 산업 현황과 개선방안 등에 관하여 간략히 알아보고자 한다",,"개요
1.자동차용 엔진오일에 관련된 기본지식
2.자동차용 엔진오일 개발의 세계적인 추세
3.CCMC 분류에 의한 변화추세
4.OEM 방식에 의한 변화추세
5.기타"
국내외 자동차 After Market 현황,오재건,한국자동차공학회,한국자동차공학회 Workshop,"Vol.2005No.-[2005]
",2005,Korean,,,,"학술저널
",http://www.ksae.org,160-188,,,, DBpia,,,,"1. 자동차 정비업계의 역사
2. 국내 자동차 정비업
3. 해외 자동차 정비업
4. 자동차 정비업계의 현안 및 문제점
5. 자동차 정비산업의 발전 방향
"
소형자동차 실도로 배출가스 시험 주행 경로의 차량 주행 특성 및 배출가스 배출량 분석,"차우섭(Woosub Cha),이범호(Beomho Lee),김덕진(Deokjin Kim)",한국자동차공학회,한국자동차공학회 학술대회 및 전시회,"Vol.2016No.11[2016]
",2016,Korean,"Real Driving Emissions (실도로 주행 배출가스),Driving Characteristics(주행특성),Driving Cycle(주행모드),Nitrogen Oxide(질소 산화물),Moving Averaging Window(이동평균구간),Light Duty Vehicle(소형자동차)",,,"학술저널
",,1200-1206,,,, DBpia,,"국내외 많은 연구기관에서 경유 소형자동차의 실험실 조건과 실도로 주행 조건에서의 배출가스 배출량의 차이에 대한 연구와 측정장비의 개발이 수행되어 왔다. 미국 및 유럽에서 대형 상용차를 대상으로 PEMS(Portable Emissions Measurement System)를 이용하여 실도로에서 배출가스 배출량에 대한 규제가 도입되었으며, 경유소형차에 대해서도 2017년 9월부터 유럽에서 규제가 도입될 예정이며 한국에서도 동일한 시기에 도입을 추진하고 있는 상황이다. 본 연구에서는 경유 소형자동차에 대해 도입예정인 유럽의 실도로 배출가스 측정 법규를 준용하여 2개의 실도로 시험 주행 경로를 개발하여 실도로 주행 시험을 수행하였으며, 국내 소형차의 실도로 주행 특성과 비교하여 유사한 주행특성을 갖고 있음을 확인하였다. 이를 통해 유럽 실도로 시험 규정에서 제시하는 주행 노선의 기준이 국내에 적합함을 확인하였다. 실도로와 실험실에서 측정된 질소산화물의 배출량이 총량 및 MAW(Moving Averaging Window) 분석 방법을 통해 차이가 나타남을 확인 할 수 있었으며, 이는 엔진의 작동영역의 차이에서 기인함을 확인 할 수 있었다.",,"Abstract
1. 서론
2. 시험 주행 경로 개발
3. 실도로 주행과 인증모드의 엔진영역 및 배출가스 비교 분석
4. 결론
References
"
삼륜형 이륜자동차 주행안전 성능에 관한 연구,"임재환(Jaehwan Lim),전영돈(Youngdon Jeon),김성섭(Sungsup Kim)",한국자동차공학회,한국자동차공학회 학술대회 및 전시회,"Vol.2014No.11[2014]
",2014,Korean,"motorcycle with three-wheels(삼륜형 이륜자동차),Driving Stability(주행안정성),Compensation Camber(보상캠버),Center of Gravity(무게중심위치),Estimated Maximum Lateral Acceleration(추정한계횡가속도),ADR(호주자동차설계기준),CRC(캐나다자동차안전기준)",,,"학술저널
",,1420-1424,,,, DBpia,,"2개의 바퀴를 갖는 축이 존재하는 삼륜형 이륜자동차는 주로 기존의 이륜자동차의 후축을 개조하여 생계형으로 주로 제작한 형태로 운행되고 있다. 구조 특성 상 4개의 바퀴를 갖는 자동차에 비하여 롤전복 등에 대한 주행안정성이 취약하나, 개조 업체 대부분이 영세한 제작소 수준으로 제작하는 과정에서 기술적인 안전을 고려하는 것이 현실적으로 어려운 실정이다. 이 연구에서는 삼륜형 이륜자동차의 구조 및 주행특성을 분석하고, 무게중심에 기반한 삼륜형 이륜자동차의 주행안전성을 예측하였으며, 시험용 삼륜형 이륜자동차를 제작하여 무게중심 측정을 통한 주행안정성 추정 및 실차시험을 통한 검증을 수행하였다.",,"Abstract
1. 서론
2. 기준?시험방법 조사 및 구조 분석
3. 무게중심높이 측정 및 실차시험
4. 결론
References
"
연료전지 자동차 가상 샤시 플랫폼을 위한 다물체 차량 모델과 단순 차량 모델의 비교 연구,"임용래(Yongrae Im),김성수(Sung-Soo Kim),정완희(Wanhee Jeong),최장영(Jangyoung Choi)",한국자동차공학회,한국자동차공학회 학술대회 및 전시회,"Vol.2010No.11[2010]
",2010,Korean,"Fuel cell vehicle virtual chassis platform(연료전지 자동차 가상 샤시 플랫폼),Fuel cell vehicle (연료전지 자동차),Multibody dynamics (다물체 동역학),Permanent Magnet Synchronous Motor (영구자석 동기 모터),Regenerated Brake(회생제동)",,,"학술저널
",,1735-1739,,,, DBpia,,,"A Fuel Cell Electric Vehicle(FCEV) is one of the future vehicle alternating conventional vehicle caused by zero-pollution and higher economical efficiency. Conventional vehicle used the engine with power train but a FCEV uses the motor with power train. In order to develop and evaluation FCEV system in short developing period, a virtual chassis platform of the FCEV is necessary. Virtual simulation tool for existing fuel cell vehicle uses simple vehicle model. Comparative study of multibody vehicle model and simple vehicle model is necessary because the chassis of electrical fuel cell vehicle has different mass distributions comparing with conventional vehicle, due to configuration of a hydrogen tank, fuel cell stacks, heat system, etc. In this paper, a virtual chassis platform has been developed based on multibody vehicle model and mathematically permanent magnet synchronous motor model. The virtual chassis platform has been validated by the stop and go simulation to analyze differences of multibody vehicle model and simple vehicle model.","Abstract
1. 서론
2. 연료전지 가상 샤시 플랫폼 구성
3. 연료전지 자동차 가상 샤시 플랫폼을 위한 모터 시스템 구성
4. 연료전지 자동차 가상 샤시 플랫폼을 위한 다물체 차량 모델
5. 연료전지 자동차 가상 샤시 플랫폼을 통한 동특성 분석
6. 결론
Acknowledgement
References
"
자동차 국제 안전기준 제ㆍ개정 동향 연구,"배중호(Joongho Bae),윤경한(Kyonghan Yoon),용기중(Geejoong Yong),이건복(Gunbok Lee)",한국자동차공학회,한국자동차공학회 학술대회 및 전시회,"Vol.2009No.11[2009]
",2009,Korean,"Vehicle Safety Regulations(자동차안전기준),Harmonization(조화),UN/ECE/WP29(자동차 안전기준실무위원회),Global Technical Regulations(세계기술기준),GRE(등화장치분과),GRSP(충돌ㆍ충격분과),GRRF(제동ㆍ주행분과),GRSG(일반안전분과),GRPE(오염ㆍ에너지분과),GRB(소음분과),ECE Regulations(ECE 기술기준)",,,"학술저널
",,1238-1244,,,, DBpia,,,"An automobile has become essential in our daily life. Rapid motorization has adverse effects in safety and envirionment domestically as well as internationally. Thus world-wide regulatory communities endeavor to improve safety, to protect environment, and to save energy by internationally harmonizing vehicle technical regulations. Automotive markets have become global without borders after WTO was established. Vehicle technical regulations emerge as technical barriers to trade(TBT) while customs barrier gave away. From the TBTs point of view international harmonization becomes increasingly important. In this paper the activities of United National Economic Commission for Europe Working Party 29 (UN/ECE/WP29, World Forum for Harmonization of Vehicle Regulations) and trends of development of vehicle technical regulations under 1958 Agreement and 1998 Agreement have been studied.","Abstract
1. 서론
2. 자동차 안전기준 국제조화
3. 1958협정 및 1998협정의 부속기준 현황
4. 자동차 안전기준 제ㆍ개정 현황
5. 최근의 자동차 안전기준 주요 동향
6. 결론
References
"
단일 공정을 통한 자동차 내장부품(Door trim)의 신뢰성 향상 연구,"정선경(Sun Kyoung Jeoung),이평찬(Pyoung-Chan Lee),유승을(Seung Eul Yoo),김보람(Bo Ram Kim),한인수(In Soo Han),조지현(Ji Hyun Cho)",한국자동차공학회,한국자동차공학회 학술대회 및 전시회,"Vol.2011No.11[2011]
",2011,Korean,"자동차 내장부품(Automotive Interior),도어트림(Door trim),단일공정(One-step Process),Environmental resistance(내환경성),폴리우레탄(Poly Urethane)",,,"학술저널
",,2575-2580,,,, DBpia,,"최근 자동차 산업에서는 경량화, 친환경, 고감성을 중심으로 자동차용 소재를 연구·개발하고 있다. 자동차의 내장재인 Door trim은 실내장식, 차음, 흡음, 추돌시 탑승자 보호의 기능을 갖는 중요한 자동차 내장부품 중 하나이다. 본 연구에서의 Door trim 제조공정인 단일공정 표피 일체화 기술은 동시 압출-사출 기술(ILC; In-Line Compounding)과 표피 일체화 기술(ISF; Intergral Skin Foam)이 복합된 새로운 개념의 기술이다. 이 기술을 통해 기존 3공정을 단일 공정(ILC+ISF)으로 단순화됨으로서 생산성이 향상될 것으로 기대된다. 또한, Door trim의 개발 소재는 다층의 소재를 단일화하여 재활용이 용이하고 친환경 소재 적용을 통해 환경유해물질(VOCs)이 저감되었다.
  단일 공정 표피 일체화 기술을 이용한 Door trim의 내구성을 평가하기 위하여 기계적인 물성과 내환경성을 측정하였다. 소재와 부품에서 요구 물성을 만족하였고 내환경성 평가 결과 자동차 내장부품으로 적용 가능함을 확인하였다.",,"Abstract
1. 서론
2. 실험
3. 결과 및 토론
4. 결론
References
"
21세기를 대비한 자동차 환경정책 방향,류철상,한국자동차공학회,한국자동차공학회 학술강연초록집,"Vol.-No.-[1996]
",1996,Korean,,556.0,,"학술저널
",http://www.ksae.org,99-110,,,, DBpia,,,,"제1장 자동차오 인해 공해현황
1.자동차 및 대기오염물질 배출량 중가추이
2.자동차 배출가스가 인체 및 환경에 미치는 영향
제2장 자동차공해관리현황 및 한계
1.관리현황
2.배출가스관리의 한계
제3장 자동차공해방지대책
1.자동차공해 관리제도 보완
2.운행차 관리 철저
3.경유차 매연저감 대책 추진
4.연료품질 고급화
5.저ㆍ무공해차 개발ㆍ보급기반 구축"
자동차 부품용 Polypropylene/Glass Fiber 복합재료의 유리 섬유 함량과 시편 취출 위치에 따른 물성 변화 연구,"조수현(soo-hyun Cho),차성운(Sung Woon Cha),서정환(jeong-hwan Seo)",한국자동차공학회,한국자동차공학회 학술대회 및 전시회,"Vol.2010No.11[2010]
",2010,Korean,"Automobile Parts (자동차 부품),Polymer (고분자),Polypropylene (폴리프로필렌),Glass Fiber (유리 섬유),Flexural Modulus (굴곡 탄성률),Impact Strength (충격 강도)",,,"학술저널
",,2893-2896,,,, DBpia,,"최근 자동차 분야에서 대두되고 있는 분야 중 하나가 경량화라고 할 수 있다. 자동차의 연비 향상과 온실가스 배출을 줄이는 친환경적 요구에 의해 경량화에 대한 연구가 많은 곳에서 진행 되고 있다. 특히 유리 섬유를 이용한 고분자 복합 재료의 경우 사출 성형을 통해 제조성이 뛰어나며, 우수한 강성과 충격 성능, 치수 안정성, 내열 특성 등을 가지고 있어서 금속 부품을 대체 할 뿐 아니라, 고분자의 사용과 무게는 줄이면서 강성은 유지되는 제품의 제조가 가능하다. 본 연구에서는 자동차용 Undercover를 제조하기 위해 배합시킨 PP/Glass Fiber 복합재료에서 유리 섬유의 비율을 다르게 했을 경우 그에 따른 물성의 변화에 주목했다. 특히 일반 사출 성형 공정이 아닌 압출/사출 동시 공법을 이용한 성형 공정을 통해 유리 섬유가 재료에 미치는 영향을 극대화 시켰다. 또한 실제 대형 자동차 제품을 성형 했을 경우와 같은 조건에서 시험 시편을 제작했다. 또한 평판 형태의 시편에서 필요한 시험 시편을 취출하는 과정에 있어서, 유리 섬유의 배향이나 유동을 고려해서 시편 취출 위치를 다르게 하면서 실험을 수행하였다. 결과적으로 이러한 실험을 통해 알아본 물성들은 현재 자동차 회사에서 제조하는 Undercover 등의 자동차 외장 부품에서 정량적 목표치를 확보하고자 하는 항목들로 정하였다.",,"Abstract
1. 서론
2. 실험
3. 결과 및 분석
4. 결론
후기
References
"
자동차 부품의 내후성 평가 기술 = Weathering Durability Test Technology of the Automotive Parts,"강인묵(Inmook Kang),심기중(Kijoong Sim),이지선(Jisun Lee),박태근(Teagn Park),조철용(Chulyong Cho),오석형(Seokhyung Oh)",한국자동차공학회,한국자동차공학회 지부 학술대회 논문집,"Vol.2009No.10[2009]
",2009,Korean,"Weatherability(내후성),Automotive parts(자동차 부품),UV stability(내광성),Outdoor exposure test(옥외폭로시험),Acceleration test(촉진시험),Ozone(오존),Natural conditions(자연조건)",556.0,,"학술저널
",http://www.ksae.org,39-45,,,, DBpia,,"자동차 플라스틱 부품의 내후성에 대한 신뢰도 확보는 감성품질, 내구품질이 우수한 자동차를 만들기 위해서는 확보해야 하는 기술이다.
국산 자동차에 대한 초기품질은 세계 최고 수준에 이르고 있지만, 촉진내후성에 대한 내구신뢰도 수준은 중하위권에 머무르고 있는 실정으로 내후성에 대한 신뢰도 확보는 고객의 감성지수를 만족시키는 필수적인 요소라 할 수 있다.
본 고에서는 촉진내후성시험의 배경과 함께 촉진내후성시험을 수행하고 있는 군산대학교 자동차부품기술혁신센터(KATIC)의 촉진내후성시험기 및 적용사례를 기술하였다. 관련된 촉진내후성을 평가하는 방법과 관련 장비들은 향후 자동차 플라스틱, 고무 부품 등 고분자 재료를 이용한 부품 개발 및 평가에 활용할 수 있을 것이다.","In this article, weatherability test technology for automotive parts is presented. Weatherability test investigates the degradations by the sunshine, rain and snow, temperature and humidity, Ozone and so on. These tests are categorized in two types. Firstly, outdoor exposure test that is requested the long term and large outdoor test facility. Secondly, acceleration test that is performed in laboratory with the similarly natural conditions. Recently, accelerated test is more often performed to evaluate the weatherability of the automotive parts in terms of the cost reduction and development time. This article is described the test equipments and procedures, which are used in Kunsan National University Automotive Technology Innovation Center(KATIC), and showed the performed test samples. Above described test technology is helpful to the automotive parts developments and enterprise’s competitions.","Abstract
1. 서론
2. 촉진내후성 시험평가
3. 촉진 내후성시험 사례
4. 요약
References"
전기 자동차용 고성능 및 고신뢰성 인버터 개발,"김일한(Ilhan Kim),이선우(Seonwoo Lee),홍찬욱(Chanook Hong),양천석(Chunsuk Yang),김경서(Kyungseo Kim)",한국자동차공학회,한국자동차공학회 학술대회 및 전시회,"Vol.2009No.11[2009]
",2009,Korean,"Electric Vehicle(전기 자동차),Inverter(인버터),Power Control Unit(파워 컨트롤 유닛),Powertrain(동력전달장치),Power Density(출력밀도)",,,"학술저널
",,3003-3006,,,, DBpia,,"인버터(inverter)는 고전압 배터리(battery)로부터 에너지를 공급받아 전동기를 제어하는 장치로써, 전기자동차 구동력 제어를 위한 전기 동력전달장치(electric powertrain)의 핵심장치이다. 이러한 전기 자동차용 인버터는 가혹환경 조건에서 고신뢰성을 보장하여야 하며, 차량의 최적 구동을 위하여 전동기를 고속 및 고효율로 제어할 필요가 있다. 본 논문에서는 전기 자동차용 인버터의 출력밀도(power density) 향상, 고신뢰성 확보 및 전동기 최적 제어를 위한 최적 수냉기구 개발 결과와 자동차용 사양(automotive spec.)의 고신뢰성 하드웨어 개발 결과 그리고 전동기의 고효율/고속 제어 기술 개발 결과를 소개한다. 또한 본 논문의 인버터 개발 결과를 적용한 유럽 전기 자동차 전문 메이커의 성공적인 NEV(Neighborhood Electric Vehicle) 개발 사례에 대하여도 다룬다.",,"요약
1. 서론
2. Power Control 부
3. 기구부
4. 전동기 제어
5. 적용 사례
6. 결론
References
"
현대 자동차 승용디젤엔진 기술개발 현황,현대-기아자동차 파워트레인연구소,한국자동차공학회,한국자동차공학회 Workshop,"Vol.2003No.-[2003]
",2003,Korean,,,,"학술저널
",http://www.ksae.org,93-106,,,, DBpia,,,,"파워트레인 개발 환경<br/>
승용 디젤 엔진의 비 출력 증대 추이<br/>
승용 디젤 엔진의 연비 개선 추이<br/>
디젤/가솔린 차량의 실내 소음 수준 비교<br/>
디젤 엔진에 대한 배출물 기준 강화 추이<br/>
이산화탄소 배출량 감축 계획<br/>
파워트레인/차량 중량에 따른 이산화탄소 배출량<br/>
서 유럽 시장의 디젤 승용차 판매 대수 및 시장 점유율<br/>
주요 자동차 제작사의 디젤 엔진 line-up<br/>
현대-기아 자동차의 주요 디젤 엔진 제원 및 적용 기술<br/>
현대-기아 자동차의 주요 디젤 엔진 제원 및 적용 기술<br/>
현대-기아 자동차의 주요 디젤 엔진 제원 및 적용 기술<br/>
EURO-IV 배기 규제 대응을 위한 개발 전략<br/>
2세대 커먼 레일 연료 분사시스템<br/>
가변 터보 차져[VGT]<br/>
가변 터보 차져 작용을 통한 전 부하 성능 개선<br/>
Cooled EGR/Electric EGR Valve System<br/>
EURO-IV 대응을 위한 후처리 시스템<br/>
디젤 엔진의 후처리 장치<br/>
디젤 입자상 물질 필터 [DPF: Diesel Particulate Filter]<br/>
디젤 입자상 물질 필터 적용 관련 주요 과제<br/>
DPF 재생 전략<br/>
연료성상 비교<br/>
연료 중의 황 성분에 따른 입자상 물질 생성 특성<br/>
연료 중의 황 성분에 의한 NOx 촉매의 변환 효율 악화<br/>
결론"
우리나라 자동차 인간공학 분야의 연구동향 = A Review : Studies on Automotive Ergonomics in Korea,"손일문(Il-moon Son),이중순(Joong-soon Lee),곽효연(Hyo-Yean Kwak)",한국자동차공학회,한국자동차공학회 지부 학술대회 논문집,"Vol.-No.-[2007]
",2007,Korean,"Automotive ergonomics(자동차 인간공학),Human factors(인적요소),Ergonomic approach(인간공학적 연구방법론),Emotional engineering(감성공학),한국자동차공학회(KSAE,The Korean Society of Automotive Engineers),대한인간공학회(ESK,Ergomics Society of Korea)",,,"학술저널
",http://www.ksae.org,114-128,,,, DBpia,,,"In this paper, the trend of studies of automotive ergonomics in Korea is reviewed to contribute to R&D for the high quality and more competitive products of vehicles in the world. First of all, ergonomic and emotional engineering approach, and its subjects are suggested briefly for providing the concept to non-ergonomist. Activities and papers of, mainly, KSAE and ESK for past ten years are surveyed and reviewed only in terms of automotive ergonomics. In results, driving task performance, and ergonomic design factors of vehicle such as cab, safety device, seat, ITS, controls and displays, and so on have been studying partly. But, these subjects have been studying mainly by ergonomists since 2000. It means the study of automotive ergonomics in Korea is the beginning step up to now. Therefore, it is needed that automotive engineers make actively effort to introduce ergonomic approach to their researches, also it is recommended that automotive engineer and ergonomist will be a co-operator in this field.","Abstract
1. 서론
2. 자동차 인간공학의 연구방법론 및 분야
3. 우리나라 자동차 인간공학의 연구동향
4. 결론 및 추후 과제
References
"
미래형자동차 R&D 전문인력양성 = 현장실습 및 산업체 수요 중심으로,"이신재(Sinjae Lee),김진하(Jinha Kim),기석철(Seok-Cheol Kee)",한국자동차공학회,한국자동차공학회 부문종합 학술대회,"Vol.2018No.6[2018]
",2018,Korean,"Future Cars(미래형자동차),Human Resource Training(인력양성),Field Practice(현장실습),4&lt,SUP&gt,th&lt,/SUP&gt, Industrial Revolution(4차산업),Curriculum(교육과정)",,,"학술저널
",,1394-1397,,,, DBpia,,"미래형 자동차 관련 핵심기술은 단순히 전통적인 자동차 분야에서 벗어나 역할의 중요성과 기술면에서 각종 기간 산업의 핵심기술로서 이에 대한 고급 전문인력을 안정적으로 배출시킬 수 있는 교육 시스템이 시급하다. 이에 정부에서도 미래형 자동차를 4차 산업혁명 분야 중 하나로 선정하여 핵심기반 기술개발, 산업기반 조성 및 인재양성 지원 등을 정책적으로 육성하고 있다. 본 논문에서는 2017년부터 산업통상자원부의 미래형 자동차 R&D인력양성사업으로 선정된 충북대학교의 스마트카연구센터의 교육 시스템을 중심으로 산업체 고급 인력에 대한 수요지향적인 석박사 학위 과정의 교육목표, 교과과정 및 운영방향을 살펴본다.",,"Abstract
1. 서론
2. 사업의 목적
3. 학위과정의 대학별 특성화
4. 교육과정의 구성 및 운영 개선
5. 산업체 기여도 향상
6. 인력양성사업의 글로벌화
7. 전공이수 체계
7. 개설 교과목 현황
8. 교육과정 운영 성과
9. 결론
References
"
자율주행 자동차용 임베디드 소프트웨어,"이신재(Sinjae Lee),김진하(Jinha Kim),기석철(Seok-Cheol Kee)",한국자동차공학회,한국자동차공학회 부문종합 학술대회,"Vol.2018No.6[2018]
",2018,Korean,"Embedded Software(임베디드 소프트웨어),Autonomous Driving (자율주행),Smart Car Software Platform (스마트카소프트웨어플랫폼),Connected Car (커넥티드카),AI (인공지능)",,,"학술저널
",,640-647,,,, DBpia,,"자율주행 자동차는 인공지능에 의한 인지, 센서, 측위 그리고 제어의 융합인 자율주행 기술을 이용하여 이동수단 위주의 더욱 안전하고 편리한 자동차, 커넥티드 카, 그리고 사용자 서비스 지향 자동차로 거듭나고 있다. 점차 편리함와 안전 서비스를 제공하기 위한 미래형자동차는 자율주행을 위한 각종 센서와 제어기 및 구동장치로 이루어진 장치들이 보편화되고 있다. 또한 이러한 서비스는 전자제어장치들에 설계·설치되고, 차량 내부네트워크를 통한 상호 연동으로 이루어진다. 한편, ECU는 일종의 자율주행용 임베디드 시스템으로 컴퓨터 하드웨어와 소프트웨어가 조합되어 특정한 목적을 수행하는 컴퓨팅 장치를 의미한다. 또한 자율주행 차량용 임베디드 소프트웨어란 마이크로프로세서 및 비 휘발성 메모리에 내장되어 동작하는 운영체제, 미들웨어 및 응용 프로그램을 총칭한다. 본 논문에서는 자율주행 차량용 임베디드 소프트웨어에 대하여 살펴본다.",,"Abstract
1. 서론 및 배경
2. 자동차용 임베디드 S/W
3. 자율주행 자동차용 임베디드 SW
4. 결론
References
"
한국 자동차 부품산업의 현황과 발전방향,고문수,한국자동차공학회,한국자동차공학회 춘 추계 학술대회 논문집,"Vol.-No.-[2006]
",2006,Korean,,,,"학술저널
",http://www.ksae.org,16-33,,,, DBpia,,,,"Ⅰ. 한국 자동차산업의 현황
Ⅱ. 세계 자동차산업의 동향과 전망
Ⅲ. 한국 자동차 부품산업의 현황 (2005)
Ⅳ. 한국 자동차 부품산업의 현안과 대응책
Ⅴ. 한국 자동차 및 부품산업의 비전
Ⅵ. 결론
"
일본의 자동차 리싸이클 현황,이현용,한국자동차공학회,한국자동차공학회 Workshop,"Vol.2005No.-[2005]
",2005,Korean,,,,"학술저널
",http://www.ksae.org,95-105,,,, DBpia,,,,"1. 자동차 리싸이클링 현황
2. 자동차 리싸이클링법 제정의 배경
3. 자동차 리싸이클링법의 준비과정
4. 자동차 리싸이클링법의 개요
5. 중고부품의 재사용
6. 자동차 리싸이클링법의 문제점
7. 결론
참고문헌
"
퇴비화 조건에서 자동차 내장 부품용 천연섬유와 PLA 섬유의 호기성 생분해도 측정 연구,"정선경(Sun Kyoung Jeoung),이평찬(Pyoung-Chan Lee),유승을(Seung Eul Yoo),이기동(Ki Dong Lee),조병철(Byung Cheol Cho),이수남(Sunam Lee)",한국자동차공학회,한국자동차공학회 학술대회 및 전시회,"Vol.2010No.11[2010]
",2010,Korean,"Biodegradability(생분해),Natural fiber(쳔연섬유),PLA(폴리락틱산),Automotive(자동차),Interior part(내장부품)",,,"학술저널
",,2884-2888,,,, DBpia,,"최근 자동차 재료와 관련된 연구방향은 소재의 경량화 및 친환경 등에 집중되어 있다. 이와 같은 관점에서 생분해성 플라스틱을 범용화하기 위한 노력이 끊임없이 이루어져 왔다. 생분해성 고분자는 기존의 석유화학원료를 사용하거나 옥수수 등의 천연원료를 이용하여 제조된 고분자로서 일정한 조건에서 미생물에 의해 물과 이산화탄소로 완전히 분해된다. 이 중 natural fiber와 PLA fiber는 우수한 강도와 친환경성에 의해 자동차 내장 트림 부품에 사용이 증가하고 있다. 헤드라이너는 자동차 천정 부위에서 유입되는 소음 및 진동을 저감하고 실내 발생 소음을 흡수하는 기능이 있다. 기존의 바이오복합소재 헤드라이너의 경우 주로 보강기능의 천연섬유와 바인더기능의 PP 섬유를 일정비율로 혼합되어 제작되어 왔으며, 최근 연구에서는 바인더로 생분해 고분자인 PLA를 적용하고자 하는 연구가 진행되고 있다. 이에 본 연구에서는 호기성 생분해 조건(KS M 3100-1 and ISO 14855-1)에서 natural fiber와 PLA fiber의 생분해 실험을 진행하였다. Natural fiber와 PLA fiber는 6주 동안 90% 이상의 생분해를 보였으며, GPC와 FT-IR을 통하여 생분해가 진행되는 동안의 분자량 및 구조 변화를 관찰하였다.",,"Abstract
1. 서론
2. 실험방법
3. 결과 및 토론
4. 결론
References
"
전기 이륜자동차 관리제도 개선방안 연구,"정윤재(YunJae Jeong),강병도(ByungDoe Kang),류기현(KiHyeon Ryu),소상권(SangKwon So)",한국자동차공학회,한국자동차공학회 부문종합 학술대회,"Vol.2011No.5[2011]
",2011,Korean,"Definition(정의),Classification(분류),Displacemet(배기량),Management system(관리제도),Electric Motorcycle(전기 이륜자동차),Motor(전동기),Korea Motor Vehicle safety standards(자동차 안전기준에 관한 규칙)",,,"학술저널
",,2490-2495,,,, DBpia,,,"Recently, all countries devote all their might to develop the technique of electric motorcycles and spread them with becoming interest in the friendly-environment vehicle in the world. So that, in this paper, describes Korean electric motorcycle definition and classification problem, and analyzes by using the BMIS(Bike Motocycle Information System) for advancement management system, definition and classification of electric motorcycle.","Abstract
1. 서론
2. 전기 이륜자동차 정의 및 분류
3. 전기 이륜자동차 등록현황
4. 전기 이륜자동차 정의 및 분류의 문제점
5. 개선방안
6. 결론
References
"
자동차 범퍼용 비염소화 도료의 내구성 향상 연구,"정선경(Sun Kyoung Jeoung),이평찬(Pyoung-Chan Lee),유승을(Seung Eul Yoo),김보람(Bo-Ram Kim),임명혁(Myung Hyuk Im),강원구(Won-Gu Kang)",한국자동차공학회,한국자동차공학회 부문종합 학술대회,"Vol.2011No.5[2011]
",2011,Korean,"Bumper(범퍼),Paint(도료),Chlorine-Free(비염소),Durability(내구성),Automotive(자동차)",,,"학술저널
",,2039-2042,,,, DBpia,,"최근 자동차 R&D 동향은 친환경, 고기능성, 그리고 경량화이다. 자동차 외장재용 polupropylene은 물질 성능과 가격 등의 이점으로 사용량이 증가하고 있으나 도장이 어렵다는 문제점을 가지고 있다. PP를 도장하기 위해 염소화 수지와 수지의 용해를 위한 용매를 사용하고 있으나 이는 환경규제 의 대상이 되고 있다. 따라서, 본 연구에서는 비염소화 수지를 개발하였다. 비염소화 도료 시스템의 내구성을 평가하기 위하여 기계적인물성과 내환경성을 측정하였다. 비염소화 도료 시스템은 염소화 도료와 동등 수준의 결과를 보이고 있어 자동차 범퍼용 도료에 적용 가능함을 확인하였다.",,"Abstract
1. 서론
2. 실험방법
3. 결론 및 토론
4. 결론
References
"
자동차용 휘발유에 관한 검토,서정현,한국자동차공학회,한국자동차공학회 학술강연초록집,"Vol.-No.-[1984]
",1984,Korean,,556.0,,"학술저널
",http://www.ksae.org,21-27,,,, DBpia,,"70년대 초반에 밀어 닥친 Oil shock 의 여파로 각 자동차 Maker 는 에너지 절약형 자동차의 개발을 서두르기 시작하여 엔진 및 차량의 각종 효율향상, 소형경량화, 공기역학 개념의 도입 등 엔진을 비롯한 차량 전반에 걸쳐 많은 기술의 진전을 보아온 것이 사실입니다. 또한 차량의 보급 추세에 따라 배출가스에 의한 환경오염문제도 동시에 대두케된 것도 주지하는 바와 같습니다.
그런데, 에너지 절약대책과 공해대책은 실제 적용에 있어 많은 어려움이 놓여있어 자동차 Maker 의 집중적인 노력에 발맞추어 연료업계에서도 연료소비율, 출력, 배출가스 등 성능을 향상시킬수 있도록 연료의 질적향상에 노력을 아끼지 않아 오늘의 수준까지 도달하게 되었읍니다.
그러나 이러한 연료의 상당한 질적향상에도 불구하고 날로 더해 가는 고출력, 저연비, 저공해 차량의 요구에는 아직도 다소 미흡한 점이 있다고 생각되는 바입니다.
여기에 그렇케 생각되는 근거, 즉 연료의 성상에 의한 제반영향과 현재의 국내KS 규격과 실제 시증연료의 Sampling 분석결과, 외국 연료의 규격등에 대해 비교 조사하여 자동차의 연료에 대한 요구조건과 현재의 국내 연료(규격 및 생산품질) 간의 불균형을 제시하여 여러분의 의견을 듣고 에너지 절약과 공해방지에 기여 할수 있도록 자동차 또는 연료측의 대책 수립에 참조코자 합니다.",,"제안설명
1.연료의 성상에 의한 영향
2.현황과 문제점"
자동차 리사이클링,양성모,한국자동차공학회,한국자동차공학회 지부 학술대회 논문집,"Vol.-No.-[2000]
",2000,Korean,,,,"학술저널
",http://www.ksae.org,37-53,,,, DBpia,,,,"2. 자동차 리사이클링 특징<br/><br/>
3. 폐차의 발생량<br/><br/>
4. 자동차 리사이클링 공정<br/><br/>
5. 리사이클링을 위한 기반기술<br/><br/>
6. 국외자동차 리사이클링 동향<br/><br/>
7. 국내 자동차 리사이클링 동향<br/><br/>
8. 해체를 고려한 자동차의 설계 개선<br/><br/>
9. 리사이클링 설문조사<br/>
"
기후변화협약 대응 자동차 기술개발 정책 방향,산업자원부,한국자동차공학회,한국자동차공학회 Workshop,"Vol.2005No.-[2005]
",2005,Korean,,,,"학술저널
",http://www.ksae.org,135-159,,,, DBpia,,,,"우리나라 자동차 산업 및 기술전망
지구온난화 협약대응 자동차산업 정책방향
지구환경변화대응 자동차 기술개발 추진현황
환경 친화적 자동차 기술개발사업 추진계획
마무리
"
자동차문화와 자동차 박물관 = Motor Culture & Museum,남기호(NAM GI HO),한국자동차공학회,한국자동차공학회 Workshop,"Vol.2001No.-[2001]
",2001,Korean,,,,"학술저널
",http://www.ksae.org,111-113,,,, DBpia,,,,"교통박물관의 역할<br/>
자동차 산업의 발달<br/>
자동차문화의 개념<br/>
자동차문화와 자동차박물관의 관계<br/>
자동차의 보존과 복원"
자동차 디자인 변화와 자동차산업의 지역 이동 비교 연구,구상(Sang Koo),한국자동차공학회,한국 자동차공학회논문집(Transactions of Korea Society of Automotive Engineers),"Vol.26No.4[2018]
",2018,Korean,"Design changing factors(디자인 변화 요인),Vehicle technology(차량 기술),Production technology(생산기술),Commercial factors(상업적 요인),Future directions(미래 방향)",,KCI등재,"학술저널
",http://www.ksae.org,504-512,1.0,,, DBpia,영남대학교 과학도서관,,"Automobile designs have been changed by multifarious factors according to the times and regions, and the changes have become the reasons for today""s diverse automobile designs. However, further estimation for future automotive design changes could be acquired by analyzing the insights from the previous ones. This study aims to determine the implications for future design change of automobiles by observing the vehicle designs with technological and regional factors in order to clarify the design changing factors from a macroscopic view. The paper also reviewed the design changes of the typical types of automobiles so as to deduct the common factors, and the major automobiles were evaluated in a chronological order. It can be concluded that automotive design changing factors can be classified into European factors and American factors as vehicle technology and production technology. They can also be classified as commercial factors with Japanese cases. The automotive design changing factors for automobiles have been changed, thereby resulting in a geographical shift.","Abstract
1. 서론
2. 자동차산업과 자동차 디자인
3. 자동차 디자인 변화의 고찰
4. 자동차 디자인 변화와 산업의 지역 이동
5. 결론
References
"
중국 자동차 산업 현황과 전망,이수원,한국자동차공학회,한국자동차공학회 춘 추계 학술대회 논문집,"Vol.2005No.11_S[2005]
",2005,Korean,,,,"학술저널
",http://www.ksae.org,44-55,,,, DBpia,,,,"1. 세계 자동차 산업동향<br/>
2. 중국 자동차 산업동향<br/>
3. 중국 자동차 산업 전략<br/>
4. 중국 자동차 산업 전망"
세계 자동차 부품 산업 현황,최영준,한국자동차공학회,한국자동차공학회 Workshop,"Vol.2000No.-[2000]
",2000,Korean,,,,"학술저널
",http://www.ksae.org,71-80,,,, DBpia,,"세계 부품 산업의 동향은 새로운 IDEA 와 신기술이 매우 활발히 진행되고 있다.<br/>
한국 부품 산업은 설계 분야가 특히 매우 취약하며 새로운 IDEA와 신기술은 설계 기술의 수준에 의하여 좌우 된다.<br/>
설계 기술의 핵심은 ANALYSIS, SIMULATION, I- CAD, eletronic CONTROL ALGORITHME, 새로운 IDEA와 같은 비용과 투자 보다는 지적요소 부문이 더욱 비중이 커지고 있다.<br/>
산 학 연은 연구 개발 업무가 중복 되지 않고 서로 보완 관계를 갖도록 전략과 기획 분무를 통합할 수 있는 시스템을 구성 하기 위하여 자동차 공학회 또는 별도의 협의체로 TASK FORCE TEAM을 상시 운영 하여 모든 연구 자원을 효과적으로 집중 하여야 한다.<br/>
I-CAD 를 이용한 설계 자동화는 어느 나라에서든 아직 초기 단계이며 현재까지 개발된 설계 방법으로서는 가장 효과적인 방법이다.<br/>
(EBS에서 방영한 세계의 자동차 기술 참조)<br/>
각 부품 별로 INTELICENT CAD를 이용 하여 자동 설계 시스템을 개발 하면 각 부품 별 연구 개발 및 설계와 공정 기술 까지 포함한 TASK FORCE TEAM이 자연스럽게 생성 되며 산 학 연 이 각 부품 별 DB를 공유하여 보완 할 수 있으며, 대학의 지적 능력과 산업체의 경험과 KNOW-HOW 및 설비를 효과적으로 활용할 수 있다.<br/>
부수적으로 각 학교가 특정 부품 분야에 특화 되면 특정 부품 사업체의 협조를 이끌어 내기가 쉬우며 외국의 관련 부품 전문 엔지니어링 컨설팅 업체 와의 교류나 공동 개발을 통하여 GLOVAL OUTSOURCING에 대응할 수 있는 수준의 부품 개발이 더욱 가시화 될 수 있다.<br/>
또한 학생들도 특화 된 분야의 공부를 더욱 깊이 있게 하여 관련 분야에 필요한 전문가가 더욱 빨리 될 수 있고 현재와 같이 어디에나 갈수 있으면서 어디에서도 제대로 일할 수 없는 비 효율적인 교육을 지양할 수 있다.<br/>
PACKAGING의 한계내에서 GAS FLOW DYNAMC 현상으로 발생하는 ROLLSROICE, PLAT & WHITNIE, BOING 같은 항공기산업의 경우 설계 비용의 비중이 제조 원가의 태반을 차지할 만큼 커서 설계 비용과 기간의 단축 및 설계 잘못으로 인한 위험을 최소화 하기 위하여 이미 I-CAD BASE의 SMART DESIGN이 보편화 되어 있으며 GM, FORD, JAGUER, BMW 같은 자동차 회사에서도 적극적으로 도입 하고 있다.",,"서언<br/>
자동차 부품 산업 동향<br/>
머플러<br/>
I-CAD 환경에서의 머플러 설계<br/>
직 분식 연료 펌프<br/>
ECU/TCU<br/>
대체기술 부품<br/>
혁신 기술<br/>
미래기술<br/>
요약"
유럽의 자동차부품 재제조산업에 관한 연구,"목학수(Haksoo Mok),전창수(Changsu Jeon),한창효(Changhyo Han),박상진(SangJin Park),사공훈(Hoon Sagong),Gunther Seliger",한국자동차공학회,한국 자동차공학회논문집(Transactions of Korea Society of Automotive Engineers),"Vol.19No.1[2011]
",2011,Korean,"Remanufacturing(재제조),Automobile part(자동차부품),BER(일괄적용제외법규),Core(중고품),APRA(유럽 자동차부품 재제조협회)",,KCI등재,"학술저널
",http://www.ksae.org,38-44,13.0,,," NDSL, &nbsp;&nbsp; DBpia",영남대학교 과학도서관,,"Remanufacturing is restoring or manufacturing the worn-out or discarded components of an end of life product in order to bring it to the “like new” condition. The aim is to reprocess used products in such a manner that the quality of the products is as good as or better than the new one, in terms of appearance, reliability and performance. This paper investigates the automotive remanufacturing industry in Europe. To further knowledge in this field, the paper focuses on the remanufacturing of the automotive components of end-of-life vehicles. The paper scope emphasizes key remanufacturing companies, which are identified and were surveyed in terms of their business structures. The research aims to address the potential for growth within the remanufacturing industry, with regard to various players. The state of the art in remanufacturing of automotive equipment will be identified.","Abstract
1. 서론
2. 유럽 자동차부품 재제조 산업의 현황
3. 유럽의 자동차 재제조협회(Automobile Product Rebuilder Association, APRA)를 통한 유럽의 자동차부품 재제조산업의 현황
4. 결론
후기
References
"
자율주행 자동차 임시운행 허가를 위한 안전 성능 평가 시나리오,"채흥석(Heungseok Chae),정용환(Yonghwan Jeong),이경수(Kyongsu Yi),최인성(Inseong Choi),민경찬(Kyongchan Min)",한국자동차공학회,한국 자동차공학회논문집(Transactions of Korea Society of Automotive Engineers),"Vol.24No.5[2016]
",2016,Korean,"Autonomous vehicle(자율주행 자동차),Evaluation scenarios(평가 시나리오),Extraordinary service permission(임시운행 허가),Safety evaluation factors(안전성 평가항목)",,KCI등재,"학술저널
",http://www.ksae.org,495-503,10.0,,," NDSL, &nbsp;&nbsp; DBpia",영남대학교 과학도서관,,"Regulation for the testing and operation of autonomous vehicles on public roadways has been recently developed all over the world. For example, the licensing standards and the evaluation technology for autonomous vehicles have been proposed in California, Nevada and EU. But specific safety evaluation scenarios for autonomous vehicles have not been proposed yet. This paper presents safety evaluation scenarios for extraordinary service permission of autonomous vehicles on highways. A total of five scenarios are selected in consideration of safety priority and real traffic situation. These scenarios are developed based on existing ADAS evaluation and simulation of autonomous vehicle algorithm. Also, Safety evaluation factors are developed based on ISO requirements, other papers and the current traffic regulations. These scenarios are investigated via computer simulation.","Abstract
1. 서론
2. 자율주행 자동차 임시운행 및 평가 기술 현황 및 개별 요소 기술 규정
3. 자율주행 자동차 운행 기준 및 안전 성능 평가 시나리오
4. 자율주행 자동차 안전성 평가항목
5. 시뮬레이션 결과
6. 결론
References
"
친환경 자동차의 회생제동 협조제어 시스템,"이은하(Eunha Lee),박인혜(Inhye Park),김기영(Giyung Kim)",한국자동차공학회,한국자동차공학회 학술대회 및 전시회,"Vol.2013No.11[2013]
",2013,Korean,"Regenerative brake(회생 제동 시스템),Hydraulic brake(유압 제어),Active Hydraulic Boost(능동형 전자제어 브레이크),HEV(하이브리드 자동차),EV(전기 자동차),Eco-friendly vehicle(친환경 자동차)",,,"학술저널
",,458-459,,,, DBpia,,,,
실 도로 주행사이클의 Aggressiveness에 따른 미래형 친환경 자동차의 시스템 효율 평가,"이대흥(Daeheung Lee),서호원(Howon Seo),박영일(Yeongil Park),임원식(Wonsik Lim),차석원(Sukwon Cha)",한국자동차공학회,한국자동차공학회 학술대회 및 전시회,"Vol.2010No.11[2010]
",2010,Korean,"Driving Aggressiveness(주행 공격성),Next Generation Vehicle(차세대 자동차),PHEV(플러그인 하이브리드 자동차),HEV(하이브리드 전기 자동차),Fuel Economy Analysis(연비 평가)",,,"학술저널
",,3178-3183,,,, DBpia,,,"This paper proposes a definition of the driving aggressiveness which can describe the aggressive driving pattern of real-world driving schedule. Then vehicle simulations assess the sensitivity of fuel consumption to a wide range of driving pattern. Considered vehicles are a HEV and PHEV (10AER~40AER) as well as a conventional vehicle that is assumed to be available in the future, and the used fuel for each vehicle’s powertrain structure are gasoline, diesel, H₂ and ethanol. Through this research, the fuel consumption results are variable to the aggressiveness factor defined over real-world driving cycles and could be predicted with a specific driving schedule.","Abstract
1. 서론
2. 실 도로 주행사이클의 분석
3. Driving Aggressiveness
4. 미래 친환경 자동차의 연비 시뮬레이션 결과
5. 결론
후기
References
"
플라이휠 배터리의 전기 자동차에의 응용 = Flywheel Battery Technology for Electric Vehicles,윤희도(H.D.Yun),한국자동차공학회,한국자동차공학회 춘 추계 학술대회 논문집,"Vol.1997No.6_1[1997]
",1997,Korean,,,,"학술저널
",http://www.ksae.org,638-643,,,, DBpia,,,"Air pollution is a major problem in our cities today. The main cause of air pollution is the vehicles that are powered by internal combustion engines. Domestic efforts to reduce vehicle emission is focused on filtering emissions from large diesel powered trucks and buses. U.S. agencies mandate production and sale of low emission vehicles and zero emission vehicles. This paper proposes flywheel battery technology as an energy storage device for zero emission electric vehicles and hybrid electric vehicles. The battery technology is introduced. Its main components, including the rotor, bearings, motor/generator, power electronics system, vacuum system and the rotor containment for use in case of an accidental rotor or bearing failure, are introduced. Brief description of different flywheel battery design methodologies is described.<br/>
","ABSTRACT<br/>
1.서론<br/>
2.무공해 자동차 개발의 필요성<br/>
3.전기 자동차(EV)<br/>
4.플라이 휠 배터리 (FWB) <br/>
5.혼용 전기 자동차 (HEV)<br/>
6.플라이휠 배터리의 구성요소<br/>
7.결론<br/>
참고자료"
전동화된 자동차의 출력측정방법 개발,"최동석(Dongseok Choi),류기현(Kihyeon Ryu),이재완(Jaewan Lee),박용성(Yongsung Park)",한국자동차공학회,한국 자동차공학회논문집(Transactions of Korea Society of Automotive Engineers),"Vol.22No.7[2014]
",2014,Korean,"Electrified vehicle(전동화된 자동차),Energy converter(에너지변환장치),Powertrain(파워트레인),Vehicle power(자동차출력),Electric fraction(전동화율),COV(변동계수)",,KCI등재,"학술저널
",http://www.ksae.org,135-143,1.0,,," NDSL, &nbsp;&nbsp; DBpia",,,"Electrified vehicles can be classified with hybrid electric vehicles, battery electric vehicles and fuel cell electric vehicles. These vehicles have two more than energy converters which are the part of a powertrain. It is particularly difficult to estimate the power of hybrid electric vehicles due to two different energy converters with different power characteristics. Therefore, a new power concept for these vehicles is needed. The vehicle power as the new concept for solving this problem was defined in this study. The test method and the procedure were made a development in this study. Four electrified vehicles with different electric fraction were used to validate the method. Two percentage of COV was suggested as a criterion for the maximum vehicles power based on the previous studies. The repeatability of this method was within ±2 per cent for the maximum vehicle power and within ±5 per cent for the vehicle speed at maximum vehicle power.","Abstract
1. 서론
2. 시험장치 및 검증시험용 자동차
3. 자동차출력의 정의
4. 출력측정방법 개발
5. 검증시험 결과 및 고찰
6. 결론
References
"
경전기자동차(LEV)에서 태양광전지의 응용에 관한 사례연구,심한섭(Hansub Sim),한국자동차공학회,한국자동차공학회 학술대회 및 전시회,"Vol.2011No.11[2011]
",2011,Korean,"Solar-Photovoltatic Cell(태양광전지 또는 태양전지),Light Electric Vehicle(LEV, 경전기자동차),Electric Vehicle(EV,전기자동차),Solar-Electric Hybrid car(태양-전기 하이브리드 자동차)",,,"학술저널
",,3001-3002,,,, DBpia,,,"A study for various security methods of the electric power is required because the charge capacity of the battery is insufficient and the electric loads are increased in the LEV(Light Electric Vehicle). The solar-photovoltatic cell was used in many fields as an electric generation system. In the case of the solar-photovoltatic cell being applied to charge auxiliary, the range/charge be increasing and the battery can be charged by the solar-photovoltatic charge system. From a case study of electric vehicles, several LEVs are used the solar-photovoltatic charge system on its roof.","Abstract
1. 서론
2. 경전기차량(LEV)과 전기부하량
3. 경전기차량에서 태양전지의 응용사례
4. 결론
References
"
저온 특성을 반영한 등가 회로 기반 48V 마일드 하이브리드 자동차 동적 배터리 모델 개발,"전지환(Jeehwan Jeon),노정우(Jungwoo Noh),김원태(Wontae Kim),김태훈(Taehoon Kim),김진(Jin Kim),이영일(Youngil Lee),박성진(Sungjin Park)",한국자동차공학회,한국자동차공학회 부문종합 학술대회,"Vol.2019No.5[2019]
",2019,Korean,"Electrification(전동화),Equivalent Circuit Model (등가 회로 모델),Mild HEV (마일드 하이브리드 자동차),Lithium Battery(리튬 배터리)",,,"학술저널
",,1223-1226,,,, DBpia,,"48V 마일드 하이브리드 자동차의 연비 및 동력 성능 개선을 위해 기존 기계부품의 전동화와 12V 전장 부품의 승압화에 대한 연구가 진행되고 있다. 하지만, 48V 전장 부품의 종류에 따라 순간 대 전력 사용 시 배터리의 전압 안정성 문제가 발생하게 된다. 따라서 전장 부품의 선정 시 배터리 전압 안정성에 대한 정확한 예측이 필요하다. 본 연구에서는 48V 마일드 하이브리드 자동차 전당 부품의 전력 사용에 따른 배터리 전압 거동을 예측하기 위해 48V 마일드 하이브리드 자동차용 배터리 팩 실험을 진행하였으며, 이를 기반으로 Equivalent Circuit Model(ECM)을 개발하였다. ECM은 First order RC Model 기반으로 개발되었으며, 온도 별 차량 전력 모사 실험을 통해 상온과 저온의 배터리 저항을 반영한 파라미터를 적용하였다. 특히 저온의 경우, 일정 온도 이하에서 배터리의 저항이 급격하게 증가하는 경향을 보이기 때문에 이를 반영한 모델을 구성하였다. 개발된 ECM은 연비 모드에서의 배터리 전압 검증을 위해 48V 마일드 하이브리드 중형 SUV 실차 실험에서 배터리의 충, 방전 전류에 따른 전압거동과 비교하였다.",,"1. 서론
2. 48V 마일드 하이브리드 자동차 동적 배터리 모델 개발
3. 배터리 모델 개발
4. 결론
5. 향 후 계획
References
"
자동차 정기검사 및 정기점검 통합에 관한 연구,"정영달(Youngdal Jung),김재진(Jaejin Kim),여운석(Unseok Yeo),강병도(Byungdo Kang),권해붕(Haeboung Kwon)",한국자동차공학회,한국자동차공학회 부문종합 학술대회,"Vol.2013No.5[2013]
",2013,Korean,"Periodic Vehicle Inspection(정기검사),Periodic Vehicle Check (정기점검),Inspection frequency(검사주기),CITA(국제자동차검사위원회),Non-commercial passenger vehicles(비사업용자동차),Commercialpassenger vehicles(사업용자동차)",,,"학술저널
",,2057-2062,,,, DBpia,,,"Korea has operated separately in each periodic vehicle inspection and periodic vehicle check system for efficient management of in-use vehicle. Periodic inspection is a system that for all vehicles, evaluate the suitability of the road driving without the disassembly and maintenance of the vehicle, and periodic check is a system that for the commercial vehicles, through the disassembly and maintenance of the vehicle, implement to ensure the safety and performance of vehicle. However, periodic check has been pointed out steadily because it had slipped into the institutional formal system to weight the economic burden of the public. Therefore, in this study, we would present the suggestion to integrate periodic inspection and periodic check through the analyses on domestic and foreign status of periodic check and the deducting problem. In particular, whereas periodic vehicle inspection has been implementing in all 34 countries member countries on Organization for Economic Cooperation and Development(OECD), periodic check has been implementing in japan, only one in the world. So, we compared and analyzed the items of periodic inspection and periodic check, and we presented the suggestion on the integration of two systems. In addition, another purpose in this study is to enhance the vehicle safety and to reduce burden on the public by presenting the compensation plan of the integration of two systems.","Abstract
1. 서론
2. 연구내용 및 방법
3. 연구결과 및 고찰
4. 결론
References
"
"하이브리드 자동차 변속기, 운전전략, 회생제동 및 시뮬레이션 기술",김현수,한국자동차공학회,한국자동차공학회 Workshop,"Vol.2006No.-[2006]
",2006,Korean,,,,"학술저널
",http://www.ksae.org,7-70,,,, DBpia,,,,"동력이란?
하이브리드 자동차 변속기
하이브리드 자동차운전전략 
하이브리드 자동차 회생제동 시스템
하이브리드 자동차 시뮬레이션 기술
"
美國의 自動車 排出物의 規制動向,유증봉,한국자동차공학회,한국자동차공학회 학술강연초록집,"Vol.-No.-[1979]
",1979,Korean,,556.0,,"학술저널
",http://www.ksae.org,95-119,,,, DBpia,,,,"1.自動車 排出物의 規制
2.自動車의 排出物과 大氣汚染
3.自動車排出物 規制 效果
4.自動車 排氣가스 試驗法
參考文獻"
경유자동차 배출물 규제에 관한 조사연구,편집부,한국자동차공학회,한국자동차공학회 기타 간행물,"Vol.-No.-[1989]
",1989,Korean,,556.0,,"학술저널
",http://www.ksae.org,3-98,,,, DBpia,,,,"1.서론
2.경유자동차에 의한 대기오염도
3.국내외 자동차 배출물 규제 제정절차 및 규제동향
4.배출물 규제에 관한 검토
5.소형 경유 자동차가 생산 중지될 때 업계에 미치는 영향
6.결론
참고문헌"
국내 자동차 개발 프로세스 개선을 위한 동시공학 전략 = A CE Strategy for Improving a Development Process of Korean Automotive Industries,"서효원(Hyo Won Suh),이현찬(Hyun Chan Lee),전홍배(Hong Bae Jun)",한국자동차공학회,한국자동차공학회 춘 추계 학술대회 논문집,"Vol.1998No.5_2[1998]
",1998,Korean,,,,"학술저널
",http://www.ksae.org,613-618,,,, DBpia,,,"Recently, customers for automobiles expect new models in a short life cycle. Therefore, is has been important to reduce the development lead-time. However, a traditional development system is not appropriate to meet these changes. Thus, Concurrent Engineering (CE)has been introduced to solve these problems as a key business strategy based on information technology. CE is a way of attaining three objectives simultaneously; reducing time to market, improving product quality, and lowering product costs.<br/>
The purpose of this study is to recommend a CE strategy for improving the development process of Korean automotive industries. Thus, the key factors of CE and their effectiveness on the development processes are introduced, Based on that, the competitiveness of US and Japan automobile industries are analyzed, and the problems of development processes of Korean antomotive industries are investigated. Finally, a CE strategy for improving the problems are proposed.<br/>
","Abstract<br/>
1.서론<br/>
2.동시공학 : Key Factors 및 Process Effectiveness<br/>
3.국내외 자동차 개발 현황<br/>
4.결론: 국내 자동차 개발의 개선 전략<br/>
참고문헌"
친환경 자동차 개발 동향 및 발전 과제,권문식,한국자동차공학회,한국자동차공학회 Workshop,"Vol.2007No.-[2007]
",2007,Korean,,,,"학술저널
",http://www.ksae.org,1-11,,,, DBpia,,,,"1. 친환경 자동차의 필요성
2. 하이브리드 자동차 개발현황
3. 연료전지 자동차 개발현황
4. 정부정책 동향
5. 맺음말
"
전기자동차 동력장치에 관한 연구 (Brushless 전동기 및 제어기의 개발) = A Study on the Developement of Traction Motor ＆ Controller for Electric Vehicle,"공영문,허금강,장승일,이성택,문형태,이재한,김기남",한국자동차공학회,한국자동차공학회 춘 추계 학술대회 논문집,"Vol.1996No.6_2[1996]
",1996,Korean,,,,"학술저널
",http://www.ksae.org,24-29,,,, DBpia,,"환경문제의 대두와 함께 도심공해의 주범인 자동차의 배기가스에 대한 관심이 고조되면서 전기자동차에 관한 연구가 세계는 물론 국내 자동차 업계에서도 활발히 진행되고 있다.본 연구는 전기자동차의 핵심부품인 구동부에 관한 것으로써 고효율, 고출력밀도의 장점을 갖는 브러쉬 없는 직류전동기와 제어기 개발을 다루었다. 전동기 출력용량은 차량에서 요구하는 성능 만족을 위해 주행특성을 시뮬레이션하여 선정하였고, 특히 제어기는 벡터제어, 감자계제어 및 회생제동이 구현되었고 아울러 탑재형 충전장치 및 보조전원 공급장치를 기능을 포함시켰다. 개발된 전동기 및 제어기는 단품하시험을 실시 그 성능을 평가하였으며 기존 가솔린 자동차를 개조하여 차량성능을 확인하였다.",,"ABSTRACT<br/>
Ⅰ.서론<br/>
Ⅱ.본론<br/>
Ⅲ.결론<br/>
참고문헌"
운행 자동차의 첨단 자동차검사 시스템 도입에 관한 연구,"여운석(Unseok Yeo),박원덕(Wondeok Park),정영달(Yongdal Jung),오상엽(Sangyeob Oh),강병도(Byungdo Kang)",한국자동차공학회,한국자동차공학회 학술대회 및 전시회,"Vol.2012No.11[2012]
",2012,Korean,"Vehicle safety inspection(자동차 안전검사),Vehicle in service(운행 자동차),Static braking force(정적제동력),Dynamic braking force(동적 제동력),Side slip(측면 미끄러짐)",,,"학술저널
",,2603-2608,,,, DBpia,,,"According to vehicle control regulations in 1917, vehicle inspection system of a vehicle in service has been conducted by the transportation safety authority and non-official servicing shops. In advanced country, a vehicle safety inspection system has been conducted according to its real situation. Especially, Japan, Germany and USA etc. make an effort not only the reliability, but also the quality of a safety inspection service by introducing an advanced vehicle inspection system. But, in korea, trying to improve the operation such as the development of a computing system, the automation of inspection equipment and inspection standard service etc. by the transportation safety authority during about 50 years, the existing vehicle safety inspection system has been conducted without the improvement of a special legal and system. In this study, in order to develope and introduce an advanced vehicle safety inspection system, which apply flexibly to new vehicle design technology and consider to the reliability and facility, we try to improve the efficiency of advanced safety inspection methods by comparing exist safety inspection methods with advanced safety inspection methods. And advancing the safety inspection equipment on the base of this study""s result, the purpose of this study make an offer to not only setting the equipment with applicable in inspection center, but also increasing the effectiveness of the vehicle inspection system, withdrawing inconvenience according to inspection a vehicle in service, and optimal servicing a vehicle safety inspection. Especially, up to now, the study on a safety inspection for a vehicle in service after a delivery new vehicle was not sufficient, we provide the fundamental data to a government policy on the base of this study""s result.","Abstract
1. 서론
2. 연구내용 및 방법
3. 연구결과 및 고찰
4. 결론
References
"
장애인 자동차 관련 국외 자동차안전기준 현황 파악 및 국내 기준(안) 도입방향 검토 = A Study of Vehicle Safety Standards for the Disabled,"심소정(So-Jung Shim),박요한(Yo-Han Park),윤경한(Kyong-Han Yoon)",한국자동차공학회,한국자동차공학회 춘 추계 학술대회 논문집,"Vol.-No.-[2008]
",2008,Korean,"Vehicle Safety Standards(자동차안전기준),The Disabled(장애인),Vehicle for the disabled(장애인 자동차),Crashworthiness(충돌안전성)",,,"학술저널
",http://www.ksae.org,1237-1246,,,, DBpia,,,"As a possibility for participation in social activity of people with disabilities increased, a request for a special vehicle for the person with reduced mobility is augmenting. There is no domestic vehicle safety regulation to ensure a crash worthiness of vehicle for people with disabilities in a traffic accident. Therefore, it is necessary that we make the domestic vehicle safety regulation of special vehicle for the person with reduced mobility. This paper is concerned with a general plan of the domestic vehicle safety regulation for the disabled.","Abstract
1. 서론
2. 장애인 자동차 관련 국내외 기술개발 및 기준현황
3. 장애인 자동차 관련 국내 안전기준 도입 방안
4. 결론
감사의 글
References
"
보험업계의 자동차 재활용 부품의 활성화 방안,"오재건(Jaegeon Oh),이상돈(Sangdon Lee),홍영희(Younghee Hong)",한국자동차공학회,한국자동차공학회 학술대회 및 전시회,"Vol.2009No.11[2009]
",2009,Korean,"Recycled Part(재활용 부품),Automotive Insurance (자동차 보험),Automotive parts(자동차 부품)",,,"학술저널
",,2647-2652,,,, DBpia,,,"A law on recycling of electric and electronic products and automobiles was formulated in the world. The law encourages auto-makers and related industries to related products including the automobiles by controlling use of contamination materials, producing more recyclable parts and systems and establishing more efficient recycling system for appropriate use of resources so that it could contribute to environmental conservation and sound development of national economy. The recycling and remanufacturing of automobile parts is important for increasing the recycling percentage, however making a market for reusable and remanufactured parts is more important.
  In accordance, in the thesis, a research on increasing use of the reusable automobile parts for repairing insured damaged automobiles is conducted, hoping it to be reflected by related authorities such as Financial Supervisory Service and insurance companies.","Abstract
1. 서론
2. 국내 자동차 부품비용 지급현황
3. 보험수리에 있어서 재활용 부품의 적용의 문제점
4. 보험수리에 있어서 재활용 부품의 적용의 해외 사례
5. 자동차 보험시장의 재활용 부품의 활성화 방안
6. 결론
References
"
자동차 개발기간단축을 위한 전산응용기술 및 향후 과제,"함병렬,김용성,최천",한국자동차공학회,한국자동차공학회 기타 간행물,"Vol.-No.-[1999]
",1999,Korean,,556.0,,"학술저널
",http://www.ksae.org,41-51,,,, DBpia,,"세계자동차시장의 경쟁이 치열해지고 있는 가운데, 자동차 메이커들은 개발기간 단축을 위해&quot;플랫품의 집약화&quot;와&quot;공동설계&quot;를 앞다투어 도입.전개하고 있다. 그러나 이러한 방안은 개발기간단축과 개발비용 절감측면에서 한계점이 잇으며, 해결책으로는 CAE Tool의 활용과 조직운영이 가장 효율적인 방법이다. 본고에서는 이러한 관점에서 기아자동차의 개발기간단축을 위한 전산응용기술 사례를 소개하고, CAE 향후과제를 제안한다.",,"요약(Abstract)
1.序論
2.개발기간단축과 CAE의 相關關係
3.기아자동차의 開發期間 短縮方案
4.향후 CAE 推進方向
5.結論
6.參考書籍 및 引用資料"
자동차용 도금강판의 적용동향 및 국산화,"조영갑,유기준",한국자동차공학회,한국자동차공학회 학술강연초록집,"Vol.-No.-[1989]
",1989,Korean,,556.0,,"학술저널
",http://www.ksae.org,45-55,,,, DBpia,,,,"1.서론
2.자동차 방청규제 동향
3.자동차의 부식형태 및 그 대책
4.표면처리 강판의 종류
5.표면처리 강판사용의 세계적 추세
6.국내 자동차 업계의 도금강판 사용동향 및 국산화"
자동차 재활용의 향후 전망과 대책,김상욱,한국자동차공학회,한국자동차공학회 학술강연초록집,"Vol.-No.-[1998]
",1998,Korean,,556.0,,"학술저널
",http://www.ksae.org,91-104,,,, DBpia,,,,"국내 폐자동차의 발생 현황
선진국의 폐자동차 처리 시스템
폐자동차의 특성변화와 재활용
국내 폐자동차의 처리 시스템
폐차관련 정책의 문제점
폐차 관련업체 현황 및 문제점
자동차 제작사의 재활용 및 문제점
중고부품의 재활용 및 품질보중 체계
효율적 회수ㆍ처리를 위한 방안
재활용률 목표 설정"
1000만대 시대의 자동차공해 현황과 대책,양방철,한국자동차공학회,한국자동차공학회 학술강연초록집,"Vol.-No.-[1997]
",1997,Korean,,556.0,,"학술저널
",http://www.ksae.org,5-17,,,, DBpia,,,,"자동차공해 현황
자동차공해대책의 필요성과 문제점
1,000만대 시대의 자동차공해 전망
1,000만대 시대의 자동차공해저감 정책목표 및 추진방향
자동차 공해저감 세부대책"
자동차 전자 장치의 동향,이상열,한국자동차공학회,한국자동차공학회 학술강연초록집,"Vol.-No.-[1986]
",1986,Korean,,556.0,,"학술저널
",http://www.ksae.org,31-41,,,, DBpia,,,,"1.머리말
2.자동차의 전자화 추진동기
3.자동차 전자화의 적용 추이
4.자동차 전자 장치의 장착 제품 동향
5.자동차 전자 장치의 소개
6.맺음말"
등가 연료 소모량을 이용한 연료전지 자동차의 하이브리화에 대한 평가,"정춘화(Chunhua Zheng),신창우(Chang Woo Shin),박영일(Yeong-il Park),차석원(Suk Won Cha)",한국자동차공학회,한국 자동차공학회논문집(Transactions of Korea Society of Automotive Engineers),"Vol.19No.5[2011]
",2011,Korean,"Fuel cell hybrid vehicle(연료전지 하이브리드 자동차),Power management strategy(동력관리 전략),Equivalent hydrogen consumption(등가 수소 소모량),Fuel cell vehicle(연료전지 자동차)",,KCI등재,"학술저널
",http://www.ksae.org,143-147,1.0,,," NDSL, &nbsp;&nbsp; DBpia",영남대학교 과학도서관,,"Operating points of a fuel cell system (FCS) can be shifted to its high-efficiency region by hybridization in a fuel cell hybrid vehicle (FCHV), so the hydrogen can be saved. In this paper, the hydrogen consumption of an FCHV is compared to that of a fuel cell vehicle (FCV). A power management strategy is applied to the FCHV and the related simulation is carried out. The concept of equivalent hydrogen consumption is introduced in order to consider the effect of the difference between initial and final battery SOC on the total hydrogen consumption.","Abstract
1. 서론
2. 연료전지 하이브리드 자동차의 주행전략
3. FCHV와 FCV의 수소 소모량의 비교
4. 결론
후기
References
"
주행거리확장 전기자동차의 발전기용량에 관한 연구,"김재환(Jaehoan Kim),김선경(Seonkyung Kim),선진(Jin Sun),김석명(Seokmyung Kim),강동우(Dongwoo Kang)",한국자동차공학회,한국자동차공학회 부문종합 학술대회,"Vol.2013No.5[2013]
",2013,Korean,"Range Extender(주행거리확장 전기자동차),Generator(발전기),Driving Range(주행거리),Battery(배터리,전기자동차용 이차전지),Max Speed(최고속도),B-Segment(B세그먼트,준중형급자동차)",,,"학술저널
",,1871-1878,,,, DBpia,,,"Most of countries are expanding their policy to supply eco-friendly vehicles and many car-makers are developing and launching their own electric vehicles. Unlike a preexpectation, however, the market of electric vehicle is still cold because of several critical problems. The major obstacles are short driving range, high cost, charging solution and so on. So new type of range extenders are being developed and introduced these days to present the solutions about driving range, cost and charging problem. This paper mentions the several kinds of range extender and relation between the generator capacity and driving performance. The generator power of the range extender should be considered what the car is for and who the user is and how much the target cost is. After ending pure EV-mode, in extended mode, what is the maximum continuous speed on the highway? At the flat road, at the 3% gradient, 5%,… what is the max keeping speed? How about the cost impact? What about the commercial value? In this document we can have a chance to think about the generator output of the range extender.","Abstract
1. 서론
2. 레인지 익스텐더
3. REEV의 발전기 용량검토
4. 결론
References
"
전기자동차 소리발생 관련 국제기준개발 동향 및 음압레벨 연구,"박진우(Jinwoo Park),이균석(Kyunseok Lee),배중호(Jungho Bae),권해붕(Heaboung Kwon)",한국자동차공학회,한국자동차공학회 학술대회 및 전시회,"Vol.2012No.11[2012]
",2012,Korean,"QRTV(저소음자동차),AVAS(소리발생장치),SPL(음압레벨),EV(전기자동차),HEV(하이브리드 자동차),ICEV(내연기관자동차)",,,"학술저널
",,1523-1528,,,, DBpia,,,"The environmental benefits achieved by electric and hybrid electric road transport vehicles(EV/HEV) reduced fossil fuel demands and very quiet vehicle operation at low speeds. EV and HEV have the advantage of being more environmentally friendly and quieter than internal combustion engine vehicles. But reduced noise can also lead to potentially dangerous situations for pedestrians when an oncoming vehicle is inaudible due to background noise and low sound level of vehicles. So the installation of a device to provide sound as loud as the conventional vehicles has been discussed as a counter action against the quietness problem. Measures to deal with the quietness problem are currently being discussed by many governments. As an international agreement of these actions, a special informal group called ""Quiet Road Transport Vehicles(QRTV)"" was established in 2010 to deal with this problem within the Working Party on Noise(GRB), a subsidiary body of the UN/ECE/WP29. The system is called the Acoustic Vehicle Alerting System(AVAS). So external acoustic warning system should be provided to the vehicle. The system should automatically emit a sound when the vehicle is driven at a speed of less than 20km/h; the sound should be a continuous sound that evokes the running condition of a vehicle. We tested EV and ICEV and this system according to the GRB guidelines, the sound level is not exceed approximately 60dB at a 2m distance from the center of the vehicle.","Abstract
1. 서론
2. 국제 기준개발 동향
3. 실험장비 및 방법
4. 실험결과 및 고찰
5. 결론
References
"
현대 자동차 무향 풍동에서의 외부 소음원 파악 기술 = External Wind Noise Source Identification in Hyundai Aeroacoustic Wind Tunnel,"정승균(Seungkyun Chung),김무상(Moosang Kim),이강덕(Kang Duck Ih)",한국자동차공학회,한국자동차공학회 학술강연 논문집,"Vol.-No.-[2000]
",2000,Korean,,556.0,,"학술저널
",http://www.ksae.org,65-73,,,, DBpia,,,,"ABSTRACT
1.서론
2.현대자동차 무향 풍동(HAWT)
3.음향 홀로그래프
4.홀로그래프에 의한 자동차 외부 소음원
5.홀로그래프 방법에 의한 MIRA 자동차 풍절음 발생원인 파악 결과 및 검토
6.결론
후기
참고문헌"
최적화 해석기법을 적용한 자동차 제상성능 해석기술 개발,"서현석(Hyeon-Seok Seo),서진원(Jin-Won Seo),최봉근(Bong-Keun Choi)",한국자동차공학회,한국자동차공학회 학술대회 및 전시회,"Vol.2019No.11[2019]
",2019,Korean,"Defrost Performance(제상성능),Windshield(자동차 전면유리),Automotive(자동차),CFD(전산유체역학),Optimization(최적화)",,,"학술저널
",,502-507,,,, DBpia,,,"In this study, we developed the numerical analysis method to improve the defrost performance on the windshield using the multi-objective optimization method based on the CFD. The configurations of guide-vane and discharge angles in the center DEF duct section which are main design factors of the defrost performance were set to the design parameters for this study. And also, the discharge mass flow rate from the HVAC which is transferred to the windshield and the discharge areas in the center DEF duct were set to the objective functions to find the optimal design. In case of using these methods, it is possible to reduce the calculation time, and effectively analyze the results from it by controlling the design parameters systematically. These methods also make it possible to check the performance rapidly, and propose the optimal design through the analytical verifications on the initial design.","Abstract
1. 서론
2. 연구 방법
3. 연구 결과
4. 결론
References
"
저장 환경에 따른 자동차용 경유의 산화열화 특성 규명 연구,"민경일(Kyong-il Min),임의순(Eui Soon Yim),정충섭(Chung-Sub Jung),김재곤(Jae-Kon Kim),나병기(Byung-Ki Na)",한국자동차공학회,한국자동차공학회 부문종합 학술대회,"Vol.2012No.5[2012]
",2012,Korean,"Bio-diesel(바이오디젤),Oxidation Degradation(산화안정성),Quality Specification(품질기준),Radical Reaction(라디칼반응)",,,"학술저널
",,372-379,,,, DBpia,,"자동차용경유는 온도 및 햇빛 노출 등의 저장환경에 따라 산화열화에 의해 유기산 및 중축합 고분자 물질이 생성되어 금속재료의 부식과 고무ㆍ수지 등의 열화 및 연료공급 시스템의 축적물로 남아 차량 문제를 유발 시킬 수 있다. 최근에는 산화안정성이 열악한 바이오디젤의 혼합에 따라 다양한 산화안정성 규명 연구가 다수 수행된 바 있다. 하지만 대부분 가혹조건의 실험실 조건에서 수행 되었을 뿐 실제 저장환경과 품질 변화 및 차량영향에 대해 충분히 반영하지는 못하였다. 따라서 본 연구에서는 현재 유통되고 있는 자동차용경유(바이오디젤 2% 혼합)와 바이오디젤을 추가로 혼합하여 제조한 바이오디젤 5%혼합 연료에 대해 저장용기(차량 연료탱크, 폴리에틸렌(PE) 재질 및 철재 용기) 별, 저장환경(햇빛 노출 외부 옥상, 햇빛 비노출 창고, 60℃ 오븐) 별, 대기 중 공기노출 및 구리(Cu) 금속 접촉 등에 대한 산화열화 영향을 18주간(6월~10월) 평가하여 실제 품질기준 항목에 미치는 영향을 분석하였다. 그 결과 모두 품질기준은 벗어나지는 않으나 PE 재질 용기의 경우 햇빛 노출에 의해 급격한 산화가 일어나 세탄가, 밀도, 동점도, 산가 품질항목의 증가를 초래하였고 금속(Cu)의 접촉에 의해 산화열화의 정도가 크게 나타났다. 하지만 햇빛에 직접적인 노출이 없는 차량 연료탱크, 철재용기, 창고저장 PE재질 용기, 60℃오븐 저장 등의 조건에서는 특별한 물성변화가 발생되지 않았다. 대기 중 공기노출의 경우는 저비점 성분의 증발과 산화열화에 의해 세탄가, 밀도, 동점도, 산가의 증가를 보였다. 따라서 자동차용 경유는 햇빛에 직접적인 노출이 없는 이상 산화열화가 크게 일어나지 않으며, 산화된 시료의 물성은 품질기준은 만족하나, 산화에 의한 산성 물질 및 고분자 물질의 생성으로 자동차 연료공급 시스템에 문제를 유발할 수 있으므로 저장환경에 유의해야 된다.",,"1. 서론
2. 연구 방법
3. 연구결과 및 고찰
4. 결론
References
"
한미FTA에 의한 자동차 분야의 변화와 우리의 자세,김필수,한국자동차공학회,한국자동차공학회 Workshop,"Vol.2007No.-[2007]
",2007,Korean,,,,"학술저널
",http://www.ksae.org,70-81,,,, DBpia,,,,"1. 한미FTA 자동차분야 타결에 따른 최근의 변화
2. 한미FTA 자동차분야 결과 정리
3. 한미FTA에 따른 자동차 애프티마켓 분야의 변화
4. 한미FTA 자동차분야의 중점 점검 사항
5. 한미FTA 자동차분야의 떠오르는 직종
6. 앞으로의 우리의 자세
"
自動車 交通事故 豫防을 위한 綜合的 方案,한국자동차공학회,한국자동차공학회,한국자동차공학회 학술강연초록집,"Vol.-No.-[1994]
",1994,Korean,,556.0,,"학술저널
",http://www.ksae.org,38-44,,,, DBpia,,,,"1.序言
2.交通安全 關聯 行政嶪務 統合
3.道路와 安全施設의 性能檢査 制度導入
4.交通安全 私報 및 敎育 早期 實施
5.運轉免許 試驗 등의 改善
6.事故 調査 分析을 위한 專門機構 必要
7. 自動車關聯 稅金의 一部는 自動車 安全部門에 使用
8.結言"
자동차와 전기ㆍ전자 기술 = Electrical and Electronic Technologies for Automobile,선우명호(Myoungho Sunwoo),한국자동차공학회,한국자동차공학회 춘 추계 학술대회 논문집,"Vol.1997No.11_1[1997]
",1997,Korean,,,,"학술저널
",http://www.ksae.org,323-328,,,, DBpia,,,"Global competition of automotive market, affordable prices of electronic components, and tougher regulations on emission, fuel econmy, and safety become the major reason that automotive industries rapidly employ a large number of electric and electronic systems. Considering that the application of electronic technologies for automobile is incresing at a rapid rate, it would be worthwhile to evaluate the trend of the uses of major electric and electronic systems for the 21st century vehicle. To enhance the nation's competitive edge of automotive industries, huge capital investment for developing the major electronic technologies is inevitable. The major technology will be leaded by 32/64-bit micro controller unit(MCU), on-chip flash memory, hybrid ASICs, IGBT, and smart sensors.<br/>
","ABSTRACT<br/>
1.전기ㆍ전자 기술과 자동차<br/>
2.자동차와 전자산업<br/>
3.차세대 자동차 전기ㆍ전자장치<br/>
4.차세대 자동차를 위한 주요ㆍ전자기술<br/>
5.결론<br/>
참고문헌"
국내ㆍ외 자동차 실내공기질 관련 연구 동향 = Status of Worldwide Auto-Cabin Air Quality Study,"이현우(Hyunwoo Lee),최영태(Youngtae Choi),이광범(Kwangbum Lee),이정기(Jeongki Lee),김광일(Kwangil Kim),이정화(Jeongwha Lee),임종순(Jongsoon Lim),신영복(Youngbok Sin)",한국자동차공학회,한국자동차공학회 춘 추계 학술대회 논문집,"Vol.-No.-[2006]
",2006,Korean,"VOCs(Volatile Organic Compounds),Sick House Syndrome(새집증후군),GC/MS(가스크로마토그래피/질량분석법),HCHO(포름알데히드)",,,"학술저널
",http://www.ksae.org,495-500,,,, DBpia,,,"All across our nation, people live, work, and learn in indoor environments and especially, many people spend more time than ever before inside of cars. Recent years have been increasing attention focused on the air contamination inside auto-cabin. The sources of air contamination inside auto-cabin are roughly divided into internal sources(ex. chemical compounds from interior material) and external sources(ex. tail-pipe emission etc.). The Purpose of this research is to examine the status of worldwide auto-cabin air quality study, and to give the information when research is intended to develop methods to mitigate indoor air problem from auto-cabin.","Abstract
1. 서론
2. 외국의 자동차 실내공기질 관련 연구 동향
3. 국내의 자동차 실내공기질 관련 연구 동향
4. 결론
References
"
복합재료 자동차 부품의 설계및 제조방법,"이대길,오박균",한국자동차공학회,한국자동차공학회 학술강연초록집,"Vol.-No.-[1994]
",1994,Korean,,556.0,,"학술저널
",http://www.ksae.org,57-65,,,, DBpia,,,,"ABSTRACT
1.서론
2.자동차 부품제조에 사용되는 복합재료의 특성
3.자동차용 드라이브 샤프트
4.복합재료 Door Side Impact Beam
5.복합재료 제조방법및 제조된 제품
6.결론
참고문헌"
125㏄ 엔진을 이용한 자작 자동차 제작 고찰,"이일권(ILkwon Lee),국창호(Changho Kook),박종건(Jonggeon Park),이정호(Jeongho Lee),신태환(Taehwan Shin),유영준(Youngjun You),이윤규(Yunkyu Lee),권영문(Youngmoon Kwon)",한국자동차공학회,한국자동차공학회 부문종합 학술대회,"Vol.2016No.5[2016]
",2016,Korean,"Body(차체),Roll cage(롤 케이지),Engine(엔진),Power-train(동력전달장치),Chassis (섀시),Wiring(전기배선)",,,"학술저널
",,955-958,,,, DBpia,,,"This paper is to study and analyze for manufacturing of a vehicle using with 125㏄ engine. The first, we made the manufacture a car using with material of the carbon steel pipe that was 27㎜ in a diameter and 2.9㎜ on thickness. But all frame manufacture of a car as knuckle and power-train system made the same pipe, the acceleration power of a car was very disadvantage driving. Therefore this problem must improve accurately. The second, the sprocket teeth ratio of power-train system adjusted on 4.61:1 that the number of tooth processed with 13 tooth on small gear and 60 tooth on large gear. It verified the fact that the gear ratio did to optimize the driving condition on kunsan contest in 2015. The third, the suspension in chassis system softly controlled the hardness of front side and stiffly adjusted the damping force of rear shock absorbers. It was knew for the driver to advantage driving his a car. The steering system largely could make better use of a space when moving in front of pedal. Also, the brake system was improved to distribute the accurate brake force by two clutch master cylinder.","Abstract
1. 서론
2. 자동차 제작규정
3. 자동차 제작
4. 결론
References
"
Giga급 강재를 활용한 자동차 차체 컨셉 및 경량부품 개발,"김홍기(H.G. Kim),최한호(H.H. Choi),임지호(J.H. Lim),조열래(Y.R. Cho),유병주(B.J. Yoo)",한국자동차공학회,한국자동차공학회 부문종합 학술대회,"Vol.2011No.5[2011]
",2011,Korean,"자동차(Automotive),경량화(weight reduction),BIW (Body In White),기가급 강재(Giga steel grade),HPF(열간프레스성형),HF(하이드로포밍),RF(롤포밍)",,,"학술저널
",,1887-1894,,,, DBpia,,,"Concept of steel intensive light weight BIW composed by giga tensile strength grades of TWIP, DP and HPF(hot press forming) materials was developed. Vehicle’s weight was reduced as much of 20% compared with the bench marking vehicle of 223.8㎏, and it showed good performance of collision and roof crush as well NVH. And weight reduced automotive parts that construct the concept were developed by adoption of various forming method such as hydroforming, stamping and hot press forming method.","Abstract
1. 서론
2. Giga급 강재를 이용한 자동차 차체 컨셉 개발
3. Giga structure 컨셉 경량부품 개발
4. 결론
참고문헌
"
졸-겔법을 이용한 자동차 배기 가스 정화 촉매의 개발 = Development of Automobile Catalyst using Sol-Gel Process,"설용건(Young Gun Shul),양재춘(Jae Choon Yang),정석진(Suk-Jin Jeoung),신창섭(Chang Sub Shin)",한국자동차공학회,한국자동차공학회 춘 추계 학술대회 논문집,"Vol.-No.-[1994]
",1994,Korean,,,,"학술저널
",http://www.ksae.org,293-299,,,, DBpia,,,,"1.자동차 정화촉매의 일반적 요건<br/>
2.자동차 정화 촉매의 연구 경향<br/>
3.자동차 배기 정화 촉매에서의 졸-겔법의 응용<br/>
4.결론<br/>
5.참고문헌"
전기 및 전자부문을 활용한 자동차 공업 발전 동향,장재춘,한국자동차공학회,한국자동차공학회 학술강연 논문집,"Vol.-No.-[1991]
",1991,Korean,,556.0,,"학술저널
",http://www.ksae.org,131-140,,,, DBpia,,,,"1.자동차 공업은 전기 및 전자부문의 기여로 인해 몇년전부터 급속하게 발전하였다.
2.자동차에서 요구하는 전력 분포도
3.전자 제어 장치
4.교통 정보 시스템
참고 문헌"
중국 자동차 현황,편집부(편집자),한국자동차공학회,한국자동차공학회 지부 학술대회 논문집,"Vol.-No.-[2007]
",2007,Korean,,,,"학술저널
",http://www.ksae.org,1-7,,,, DBpia,,,,"06년 중국의 자동차 생산량
06년 자동차사별 이윤
2007년 중국 자동차 업체 전략
결론
"
자동차서비스 복합단지와 미래전략자동차산업 활용 방안,"하성용(Sungyong Ha),장형성(Hyeongseong Jang),이용우(Yongwoo Lee)",한국자동차공학회,한국자동차공학회 부문종합 학술대회,"Vol.2018No.6[2018]
",2018,Korean,"Automobile service(자동차 서비스),Automobile industry(자동차 산업),Future strategy(미래 전략),Convergence(융복합),Complex(복합단지),After market(애프터마켓)",,,"학술저널
",,1284-1284,,,, DBpia,,,,
제동 직전 자동차 주행 속도 추정에 관한 연구 = An Estimate of Vehicle Velocity of Braking Starting Point,"한창평(Chang Pyoung Han),박경석(Kyoung Suk Park),최명진(Myung Jin Choi)",한국자동차공학회,한국자동차공학회 춘 추계 학술대회 논문집,"Vol.-No.-[2007]
",2007,Korean,"Transient Brake Distance(과도제동거리),Friction Coefficient of Tire and Road(타이어와 도로의 마찰계수),Skid Mark(활주흔적),Automobile Accident(자동차 사고),Estimated Automobile Speed(추정자동차속력)",,,"학술저널
",http://www.ksae.org,1173-1179,,,, DBpia,,,"The transient brake time or distance is one of very important factors to guess the vehicle speed to inspect an automobile accident. But, it is usual that the vehicle speed is estimated by using only skid mark without considering the transient brake distance. Deceleration and the friction coefficients of tire and road surface play an important role in calculating the brake distance. In this paper, a scheme is presented to estimate more accurate automobile speed. The scheme contains the effect of the transient brake distance on the speed. Experiment was carried out on the asphalt, unpacked road to get relationships between the speeds and the skid mark distances, and to get the transient brake time. The experimental results were utilized to construct the equation to approximate more realistic vehicle speeds.","Abstract
1. 서론
2. 제동이론
3. 실험방법
4. 실험 결과
5. 결론
References
"
연료전지 자동차의 주행성능 예측을 위한 전기자동차 및 연료전지의 성능실험과 수학적 모델링,"조용석(Yong-Seok Cho),김득상(Duk-Sang Kim),안석종(Seok-jong An)",한국자동차공학회,한국 자동차공학회논문집(Transactions of Korea Society of Automotive Engineers),"Vol.14No.5[2006]
",2006,Korean,"Electric vehicle(전기자동차),Motor-battery model(모터-배터리 모델),Simulation(모의실험),Fuel Cell Model(연료전지 모델),Fuel cell electric vehicle(연료전지 전기자동차),SOC(State of charge : 충전상태),Maximum speed(최고속도),Driving mode(주행 모드)",,KCI등재,"학술저널
",http://www.ksae.org,65-72,1.0,,," NDSL, &nbsp;&nbsp; DBpia",영남대학교 과학도서관,,"In new generation vehicle technologies, a fuel cell vehicle becomes more important, by virtue of their emission merits. In addition, a fuel cell is considered as a major source to generate the electricity for vehicles in near future. This paper focuses on modeling of not only an electric vehicle and but also a fuel cell vehicle to estimate performances. And an EV cart is manufactured to verify the modeling. Speed, voltage, and current of the vehicle and modeling are compared to estimate them at acceleration test and driving mode test. The estimations are also compared with the data of the Ballard Nexa fuel cell stack. In order to investigate a fuel cell based vehicle, motor and fuel cell models are integrated in a electric vehicle model. The characteristics of individual components are also integrated. Calculated fuel cell equations show good agreements with test results. In the fuel cell vehicle simulation, maximum speed and hydrogen fuel consumption are estimated. Even though there is no experimental data from vehicle tests, the vehicle simulation showed physically-acceptable vehicle characteristics.","Abstract
1. 서론
2. 전기자동차
3. 연료전지 실험 및 모델링
4. 결과 및 고찰
5. 결론
후기
References
"
자동차의 시스템출력 시험방법 개발,"최동석(Dongseok Choi),이정기(Jungki Lee),이광범(Kwangbum Lee),권해붕(Heaboung Kwon),용기중(Geejoong Yong)",한국자동차공학회,한국자동차공학회 부문종합 학술대회,"Vol.2012No.5[2012]
",2012,Korean,"System power(시스템 출력),Powertrain test bed(파워트레인 시험대),Drivetrain(구동계),ICEV(내연기관자동차),HEV(하이브리드자동차),FCEV(연료전지자동차),EV(전기자동차),AT(자동변속기),CVT(무단변속기),Reduction gear(감속기)",,,"학술저널
",,1790-1795,,,, DBpia,,,"The concept of system power for motor vehicles becomes necessary because multi power sources and drivetrain are adapted in motor vehicles for the energy savings and the precise emission controls. System power is defined as the power is measured on the powertrain test bed. It is possible to measure the wheel torque precisely using the powertrain test bed due to the direct connection between absorber and the end of drivetrain without tire. Two different test methods were developed for system power measurement. One is the acceleration at full load under road load (i.e., Method Ⅰ); the other is the acceleration at full load under constant vehicle speed (i.e., Method Ⅱ). Test vehicles were ICEV, HEV, FCEV, and EV. The drivetrains for the vehicles were AT, CVT, and reduction gear respectively. It was found that ICEV had the lowest maximum system power by the method I due to the efficiency of the drivetrain. The other vehicles were similar results of the maximum system power for two different test methods. Therefore, it could be adopted these two methods for the measurement of system power in motor vehicles.","Abstract
1. 서론
2. 시험장비 및 방법
3. 실험결과 및 고찰
4. 결론
후기
References
"
자동차 전기장치의 그라운드 구조 분석 및 그라운드 전위 예측을 위한 모델링에 관한 연구 = A Study on Automotive Ground Structure and Its Modeling for simulating a Ground Voltage,"임한상(Hansang Lim),이동환(Donghwan Lee),박재홍(Jaehong Park),옥순석(Soonseock Ok),김의봉(Euibong Kim)",한국자동차공학회,한국자동차공학회 춘 추계 학술대회 논문집,"Vol.-No.-[2004]
",2004,Korean,"자동차 그라운드 구조(automotive ground structure),그라운드 전위(ground voltage),모델링(modeling),시뮬레이션(simulation)",,,"학술저널
",http://www.ksae.org,1596-1601,,,, DBpia,,,"This paper analyzes an automotive ground structure and presents an automotive ground model to estimate a ground voltage and its variation. As more electrical equipment is installed in an automobile, its ground voltage becomes more important since its performance is dependent on it. Accordingly, it is essential to estimate a ground voltage and its variation in its design stage to guarantee a stable operation of the equipment. In this paper, an automotive ground model is developed, which can be used for simulating a steady state ground voltage. By dividing an automotive ground structure into an engine room ground and a body ground, they are modeled as equivalent resistive networks. A ground voltage is simulated using the developed model and is compared with measured voltage from an actual car. Comparison of these two results shows good agreement and the reliability of the model is confirmed.","Abstract
1. 서론
2. 자동차 그라운드 구조 분석
3. 자동차 그라운드 구조 모델링
4. 그라운드 모델 검증
5. 결론
References
"
지능형자동차 인식기술개발 지원을 위한 공개용 DB를 활용한 도로대장통합시스템 적용 고찰,"이동하(Dong-Ha Lee),신문승(Moon-Seung Shin),조국(Kook Cho)",한국자동차공학회,한국자동차공학회 학술대회 및 전시회,"Vol.2018No.11[2018]
",2018,Korean,"Intelligent vehicle recognition techinique(지능형자동차 인식기술),Public database(공개용 DB),Road maintenance(도로관리),Road database(도로대장),Integrated road system(도로대장통합시스템)",,,"학술저널
",,1417-1420,,,, DBpia,,,"According to Article 56 of the Road Act and Article 24 of the Enforcement Rules of the Road, Act, road register/database should be prepared and stored in accordance with the Form No. 22 of the Enforcement Rules of the Road Act. The database is constructed based on the law and is computerized and used for road maintenance. The road computerization project will efficiently manage the vast amount of road construction and other records that have been created and stored with conventional paper, prevent damage, loss, and damage to the data, and facilitate the search of necessary drawings and documents. The existing plans and documents have been computerized to facilitate smooth implementation and maintenance of road maintenance and investment plans. The computerized road data are prepared using the results of the completion work produced through the road construction site such as the quantity calculation sheet, the service report and the completed drawings at the construction stage. The computerized road data prepared by road construction result is widely used for road maintenance, occupancy management and road planning. In this paper, we propose a method to apply the integrated road system to support the development of intelligent automobile recognition technology that can efficiently recognize road facilities and vehicle information based on the public data constructed in the existing road database.","Abstract
1. 서론
2. 도로대장 DB의 활용성 검토
3. 공개용 DB를 활용한 지능형 자동차 인식기술 개발
4. 결론
References
"
Web과 모바일 기술을 이용한 자동차 프레스 금형의 불량 관리 = Fault managements of Automotive Press Dies using Web and Mobile Technology,"이강걸(Kang Kul Lee),노상도(Sang Do Noh),양철모(Chul Mo Yang),이창호(Chang Ho Lee),이인석(In Seok Lee),송명환(Myung Whan Song)",한국자동차공학회,한국자동차공학회 춘 추계 학술대회 논문집,"Vol.-No.-[2004]
",2004,Korean,"Automotive Press Die(자동차 프레스 금형),Fault Management(불량 관리),Web(웹),Mobile(모바일)",,,"학술저널
",http://www.ksae.org,1335-1339,,,, DBpia,,,"There has been many research activities in the area of fault managements of distributed manufacturing environments. This paper proposes and implements a web-based fault management system with some mobile technologies, such as wireless LAN, SMS and etc. Web-based project document management system, web-based fault management system and web-based tryout management system are developed and adopted to an automotive die shop of a Korean Automobile company, and as-is, to-be business process and supporting applications for fault managements are discussed in this paper.","Abstract
1. 서론
2. 프레스 금형 공장의 불량 관리
3. Web과 모바일 기술을 이용한 자동차 프레스 금형 공장의 불량관리
4. 결론
References
"
자동차 부품 리사이클링 현황과 전망,이영훈,한국자동차공학회,한국자동차공학회 학술강연초록집,"Vol.-No.-[1992]
",1992,Korean,,556.0,,"학술저널
",http://www.ksae.org,63-73,,,, DBpia,,,,"1.서론
2.법규제 동향
3.유럽의 자동차부품 리사이클링 동향
4.미국의 자동차부품 리사이클링 동향
5.일본의 자동차부품 리사이클링 동향
6.폐기물 재자원화 사례
7.폐 자동차의 처리
8.결론
참고문헌"
보행자 사고시 상해감소를 위한 자동차 후드 및 범퍼 구조물의 설계 = Vehicle Hood and Bumper Structure Design to Mitigate Casualties of Pedestrian Accidents,"이재완(Jae-Wan Lee),김춘원(Choon-Won Kim),박경택(Kyung-Taek Park),박경진(Gyung-Jin Park)",한국자동차공학회,한국자동차공학회 춘 추계 학술대회 논문집,"Vol.-No.-[2004]
",2004,Korean,"Pedestrian Protection(보행자 보호),EEVC WG17(유럽자동차개선위원회 보행자보호 실무위원회),Hood(후드),Bumper(범퍼),Orthogonal Array(직교배열표)",,,"학술저널
",http://www.ksae.org,746-753,,,, DBpia,,,"Although the numbers of pedestrian fatalities and injuries are steadily declining worldwide, pedestrian protection is still an important issue. Extensive researches have been carried out in the fields of pedestrian protection in order to establish pedestrian safety regulations. The automobile hoods and bumpers, which pedestrians frequently run into during accidents. should be designed safely for pedestrians. Two analysis methods are utilized to design safe structures of the hood and the bumper. They are real experiment and computer simulation. In this research, a method is developed to simultaneously use in respect of experiment and simulation. Orthogonal arrays are employed to combine the two methods. Based on this method, a hood and a bumper are designed to protect pedestrians.","Abstract
1. 서론
2. 보행자 상해 및 평가방법
3. 실험과 컴퓨터 모사결과를 동시에 이용하여 직교배열표로 설계하는 방법
4. 보행자 상해감소를 위한 자동차 후드 및 범퍼 구조물의 설계
5. 결론
후기
References
"
세계 자동차 산업 동향과 INFOTAINMENT 제품 이슈 및 대응방향,주영섭,한국자동차공학회,한국자동차공학회 춘 추계 학술대회 논문집,"Vol.-No.-[2007]
",2007,Korean,,,,"학술저널
",http://www.ksae.org,20-27,,,, DBpia,,,,"Ⅰ. 자동차 산업 동향
Ⅱ. 자동차 부품산업 동향
Ⅲ. 자동차 INFOTAINMENT 제품동향
Ⅳ. INFOTAINMENT 제품 주요 이슈
Ⅴ. 향후 과제
"
自動車 엔진오일의 새 規格에 依한 品質評價와 諸問題 = The Quality Fvaluation and Pfobleme to New Specifcation of motor oil,권영길,한국자동차공학회,한국자동차공학회 학술강연초록집,"Vol.-No.-[1983]
",1983,Korean,,556.0,,"학술저널
",http://www.ksae.org,11-21,,,, DBpia,,,,"Ⅰ 序言
Ⅱ 自動車 엔진油의 粘度分類
Ⅲ 自動車엔진油의 評價法과 品質基準
Ⅳ 엔진油의 品質과 變換周期
Ⅴ 엔진油의 品質과 排氣가스 와의 關係"
자율 주행 자동차를 대상으로 한 위험 분석 및 Risk 평가 방안에 관한 연구,"한승용(Seungyong Han),정신훈(Shinhun Jeong),고희양(Heeyang Go)",한국자동차공학회,한국자동차공학회 학술대회 및 전시회,"Vol.2017No.11[2017]
",2017,Korean,"Hazard Analysis and Risk Assessment (위험분석및리스크평가),ISO 26262 (ISO 26262),Functional Safety (기능안전),Autonomous Driving (자율주행자동차),Controllability (제어가능성)",,,"학술저널
",,1470-1476,,,, DBpia,,,The “hazard analysis and risk assessment (abb.: HARA)“ is one of the most important activity according to international standard for functional safety of the road vehicle ISO 26262:2011. Through the HARA according to ISO 26262 Part 3: Concept phase have been ensured for ASIL (Automotive Safety Integrity Level) of new developing items include the items that should be applied reuse concept for road vehicles. These requirements for HARA are mandatory activities to respond ISO 26262:2011 whether so called “the autonomous driving“ based on ADAS (Advanced Driver Assit System) or conventional vehicles such as Limousine and SUV etc.. In this phase there are few challenges to perform HARA that was attributed to the difference between autonomous driving and conventional vehicle. The HARA-process should be analyzed based on basically “malfunctioning behaviour of items“ not for malfunctioning behaviour from control failure of vehicle itself. Therefore it will be needed to a new approach to perform HARA to ensure ASIL for autonomous driving.,"Abstract
1. 서론
2. 위험원 분석 및 리스크 평가
3. 자율 주행 자동차에 대한 제어 가능성
4. 자율 주행 자동차에 대한 HARA
4. 결론
References
"
운행 가솔린 자동차 배출가스검사 시스템 개선,"오상엽(Sangyeob Oh),여운석(Unseok Yeo),박원덕(Wondeok Park),정영달(Yongdal Jung),강병도(Byungdo Kang)",한국자동차공학회,한국자동차공학회 학술대회 및 전시회,"Vol.2012No.11[2012]
",2012,Korean,"Vehicle emission inspection(자동차배출가스검사),Vehicle in service(운행 자동차),Weight percent measurement type(농도측정방식),Mass measurement type(질량측정방식),OBD(전자제어진단장치)",,,"학술저널
",,536-542,,,, DBpia,,,"In the most of a nation, the safety and emission gas inspection system of a vehicle in service have been conducted with the most compatible inspection system according to its real environmental situation. Especially, the state of vehicle emission gas is measured by advanced emission gas inspection equipment. It has the problem that the decrease effect of an environmental pollution matter is not calculated by weight percent measurement type equipment. Therefore, in this study, the correlations for the results of emission gas measurement are analyzed by comparing a weight percent measurement type(Idle+ASM2525 mode) and an advanced mass measurement type(IM240 mode). As the result, the selectivity of an emission gas by IM240 mode is higher than that by Idle+ASM2525 mode. In the future, therefore, the introduction of IM240 mode and a mass measurement type equipment are necessary. Also, the preparation of a vehicle emission gas inspection system is need to introduce IM240 mode.","Abstract
1. 서론
2. 시험방법
3. 시험결과
4. 결론
References
"
자동차용 연료전지 기술개발 동향 및 Bipolar Separator Plate 제조에 관한 연구 = The trends in development of fuel cell for automobile and a study on the preparation of bipolar separator plate,"유승을(Seung-Eul Yoo),김영명(Young-Myoung Kim),윤여성(Yeo-Seong Yoon),오미혜(Mee-Hye Oh)",한국자동차공학회,한국자동차공학회 학술강연 논문집,"Vol.-No.-[2000]
",2000,Korean,,556.0,,"학술저널
",http://www.ksae.org,109-121,,,, DBpia,,,,"1.서론
2.자동차용 연료전지
3.자동차용 연료전지의 국내.외 기술 현황
4.연료전지 자동차의 과제 및 해결방안
5.연료전지 자동차의 실용화 및 수요전망
6.고체 고분자 전해질형 연료전지의 Bipolar Separator Plate
7.맺음말
8.참고문헌"
<자동차공학회 특강원고>부산의 자동차부품산업 실태,김형구,한국자동차공학회,한국자동차공학회 지부 학술대회 논문집,"Vol.-No.-[2004]
",2004,Korean,,,,"학술저널
",http://www.ksae.org,1-8,,,, DBpia,,,,"1. 전국 자동차·부품산업의 현황<br/>
2. 전국 자동차부품산업의 현황<br/>
3. 부산 자동차부품산업의 실태"
자동차 기술개발 동향 및 향후 과제,유영상,한국자동차공학회,한국자동차공학회 춘 추계 학술대회 논문집,"Vol.-No.-[2006]
",2006,Korean,,,,"학술저널
",http://www.ksae.org,30-48,,,, DBpia,,,,"Ⅰ. 자동차 산업 동향
Ⅱ. 자동차 기술개발 동향
Ⅲ. 자동차부품연구원 소개
Ⅳ. 비전 및 향후 과제
"
자동차 분야의 식스시그마 설계 프로세스 효율 향상을 위한 트리즈 (러시아의 창의적 문제 해결 이론)의 활용 = TRIZ (Russian Theory of Inventive Problem Solving) Applications for Improving the Design Efficiency of DFSS (Design for Six Sigma) Process in Automobiles,이경원(Kyeongwon Lee),한국자동차공학회,한국자동차공학회 춘 추계 학술대회 논문집,"Vol.-No.-[2006]
",2006,Korean,"Automobile(자동차),TRIZ(트리즈),Conceptual Design(개념 설계),DFSS(식스시그마 설계)",,,"학술저널
",http://www.ksae.org,2272-2277,,,, DBpia,,,"Many automobile and component companies in Korea have used the Six Sigma (DMAIC) process to improve the quality in manufacturing process. Because these days the design, specially conceptual design process is more important than the manufacturing process, some companies hiring the DMAIC process with QFD (Quality Function Deployment) as a DFSS process, need more conceptual and creative problem solving methods such as TRIZ (Russian Theory of Inventive Problem Solving) and Axiomatic Design. This paper shows the TRIZ applications for improving the design efficiency of DFSS (Design for Six Sigma) Process in Automobiles with some examples.","Abstract
1. 서론
2. 자동차 설계단계와 적합한 도구들
3. 자동차 설계단계와 적합한 도구들
4. 자동차 분야의 트리즈를 적용한 회사들의 활동과 혁신적 설계 사례
5. Computer Aided Innovation 기술
6. 결론
후기
References
"
